Índice,Fecha,Equipo Local,Resultado,Equipo Visitante,Marcador,Tipo,Cómo,Competición,Camiseta,Minuto,Video
899,7-3-2026,DC United,1-2,Inter Miami CF,0-2,Gol de campo,Pie Izquierdo,Major League Soccer,10,27,https://www.youtube.com/watch?v=ilsqlJKSkJY
898,1-3-2026,Orlando City,2-4,Inter Miami CF,2-4,Tiro libre,Pie izquierdo,Major League Soccer,10,90,https://www.youtube.com/watch?v=0C0vEis_nJE
897,1-3-2026,Orlando City,2-4,Inter Miami CF,2-2,Gol de campo,Pie izquierdo,Major League Soccer,10,57,https://www.youtube.com/watch?v=PSDtsjIe3pQ
896,23-11-2025,FC Cincinnati,0-4,Inter Miami CF,0-1,Gol de campo,Cabeza,Major League Soccer Play Offs,10,19,https://www.youtube.com/watch?v=NSY2GJg_U-E
895,14-11-2025,Angola,0-2,Argentina,0-2,Gol de campo,Pie izquierdo,Amistoso Internacional,10,82,https://www.youtube.com/watch?v=i-IwmtnZS9g
894,08-11-2025,Inter Miami CF,4-0,Nashville SC,2-0,Gol de campo,Pie izquierdo,Major League Soccer Play Offs,10,39,https://www.youtube.com/watch?v=W-4J53FCL48
893,08-11-2025,Inter Miami CF,4-0,Nashville SC,1-0,Gol de campo,Pie izquierdo,Major League Soccer Play Offs,10,10,https://www.youtube.com/watch?v=CSyhh9pD_VA
892,01-11-2025,Nashville SC,2-1,Inter Miami CF,2-1,Gol de campo,Pie izquierdo,Major League Soccer Play Offs,10,90,https://www.youtube.com/watch?v=T4z2yBPFpn4
891,24-10-2025,Inter Miami CF,3-1,Nashville SC,3-0,Gol de campo,Pie izquierdo,Major League Soccer Play Offs,10,90+6,https://www.youtube.com/watch?v=lJr5zR6wamY
890,24-10-2025,Inter Miami CF,3-1,Nashville SC,1-0,Gol de campo,Cabeza,Major League Soccer Play Offs,10,19,https://www.youtube.com/watch?v=Q0VWkElbgVE
889,18-10-2025,Nashville SC,2-5,Inter Miami CF,2-4,Gol de campo,Pie izquierdo,Major League Soccer,10,81,https://www.youtube.com/watch?v=9o9P-lGY5Gw
888,18-10-2025,Nashville SC,2-5,Inter Miami CF,2-2,Penal,Pie izquierdo,Major League Soccer,10,63,https://www.youtube.com/watch?v=sA5YvQvfiGs
887,18-10-2025,Nashville SC,2-5,Inter Miami CF,0-1,Gol de campo,Pie izquierdo,Major League Soccer,10,35,https://www.youtube.com/watch?v=y0CSUUFM3A4
886,11-10-2025,Inter Miami CF,4-0,Atlanta United FC,4-0,Gol de campo,Pie izquierdo,Major League Soccer,10,87,https://www.youtube.com/watch?v=A29eKG_OkcE
885,11-10-2025,Inter Miami CF,4-0,Atlanta United FC,1-0,Gol de campo,Pie izquierdo,Major League Soccer,10,39,https://www.youtube.com/watch?v=9FUfXoUIWL0
884,24-09-2025,New York City FC,0-4,Inter Miami CF,0-4,Gol de campo,Pie derecho,Major League Soccer,10,86,https://www.youtube.com/watch?v=NQylGAOkai8
883,24-09-2025,New York City FC,0-4,Inter Miami CF,0-2,Gol de campo,Pie izquierdo,Major League Soccer,10,74,https://www.youtube.com/watch?v=Cd_oIXruWDg
882,20-09-2025,Inter Miami CF,3-2,D.C. United,3-1,Gol de campo,Pie izquierdo,Major League Soccer,10,85,https://www.youtube.com/watch?v=p-nNAmoh3eY
881,20-09-2025,Inter Miami CF,3-2,D.C. United,2-1,Gol de campo,Pie izquierdo,Major League Soccer,10,66,https://www.youtube.com/watch?v=LsLbyYsVgSY
880,16-09-2025,Inter Miami CF,3-1,Seatlle Sounders,2-0,Gol de campo,Pie izquierdo,Major League Soccer,10,41,https://www.youtube.com/watch?v=SsX-XmJ2-SQ
879,04-09-2025,Argentina,3-0,Venezuela,3-0,Gol de campo,Pie izquierdo,Eliminatorias Mundial 2026,10,80,https://www.youtube.com/watch?v=-gGCUVVmRKw
878,04-09-2025,Argentina,3-0,Venezuela,1-0,Gol de campo,Pie izquierdo,Eliminatorias Mundial 2026,10,39,https://www.youtube.com/watch?v=VdS47eWrtGg
877,27-08-2025,Inter Miami CF,3-1,Orlando City,2-1,Gol de campo,Pie izquierdo,NAMLeagues Cup,10,88,https://www.youtube.com/watch?v=LqhYrJYny_Q
876,27-08-2025,Inter Miami CF,3-1,Orlando City,1-1,Penal,Pie izquierdo,NAMLeagues Cup,10,77,https://www.youtube.com/watch?v=DLOK1hG4SGg
875,16-08-2025,Inter Miami CF,3-1,Los Angeles Galaxy,2-1,Gol de campo,Pie izquierdo,Major League Soccer,10,84,https://www.youtube.com/watch?v=ekjTaOJnfXM
874,19-07-2025,New York Red Bulls,1-5,Inter Miami CF,1-5,Gol de campo,Pie izquierdo,Major League Soccer,10,75,https://www.youtube.com/watch?v=XhztBxRtynM
873,19-07-2025,New York Red Bulls,1-5,Inter Miami CF,1-4,Gol de campo,Pie izquierdo,Major League Soccer,10,60,https://www.youtube.com/watch?v=oJjuQeATcVE
872,12-07-2025,Inter Miami CF,2-1,Nashville SC,2-1,Gol de campo,Pie izquierdo,Major League Soccer,10,62,https://www.youtube.com/watch?v=xo3SQ5du460
871,12-07-2025,Inter Miami CF,2-1,Nashville SC,1-0,Tiro libre,Pie izquierdo,Major League Soccer,10,17,https://www.youtube.com/watch?v=PSuH17wHyX8
870,09-07-2025,New England Revolution,1-2,Inter Miami CF,0-2,Gol de campo,Pie izquierdo,Major League Soccer,10,38,https://www.youtube.com/watch?v=VQU72VLneWg
869,09-07-2025,New England Revolution,1-2,Inter Miami CF,0-1,Gol de campo,Pie izquierdo,Major League Soccer,10,27,https://www.youtube.com/watch?v=dN8RyWKgNQ8
868,05-07-2025,CF Montreal,1-4,Inter Miami CF,1-4,Solo run,Pie izquierdo,Major League Soccer,10,62,
867,05-07-2025,CF Montreal,1-4,Inter Miami CF,1-2,Gol de campo,Pie izquierdo,Major League Soccer,10,40,
866,19-06-2025,Inter Miami CF,2-1,FC Porto,2-1,Tiro libre,Pie izquierdo,WCTFIFA Club World Cup,10,54,https://www.youtube.com/watch?v=36ItUBMn7oM
865,31-05-2025,Inter Miami CF,5-1,Columbus Crew,3-0,Gol de campo,Pie izquierdo,Major League Soccer,10,24,https://www.youtube.com/watch?v=9aKoYuUsGHU
864,31-05-2025,Inter Miami CF,5-1,Columbus Crew,2-0,Gol de campo,Pie izquierdo,Major League Soccer,10,15,https://www.youtube.com/watch?v=LqpfxYTDEpI
863,28-05-2025,Inter Miami CF,4-2,CF Montreal,4-1,Gol de campo,Pie izquierdo,Major League Soccer,10,87,
862,28-05-2025,Inter Miami CF,4-2,CF Montreal,1-0,Gol de campo,Pie izquierdo,Major League Soccer,10,27,
861,24-05-2025,Philadelphia Union,3-3,Inter Miami CF,3-2,Tiro libre,Pie izquierdo,Major League Soccer,10,87,https://www.youtube.com/watch?v=jpdpWK3kQpk
860,10-05-2025,Minnesota United FC,4-1,Inter Miami CF,2-1,Gol de campo,Pie izquierdo,Major League Soccer,10,48,
859,03-05-2025,Inter Miami CF,4-1,New York Red Bulls,4-1,Gol de campo,Pie izquierdo,Major League Soccer,10,67,
858,09-04-2025,Inter Miami CF,3-1,Los Angeles FC,3-1,Penal,Pie izquierdo,NAMConcacaf Champions Cup,10,84,https://www.youtube.com/watch?v=Zkmc0hPhCMU
857,09-04-2025,Inter Miami CF,3-1,Los Angeles FC,1-1,Gol de campo,Pie izquierdo,NAMConcacaf Champions Cup,10,35,
856,06-04-2025,Inter Miami CF,1-1,Toronto FC,1-1,Gol de campo,Pie izquierdo,Major League Soccer,10,45+5,
855,29-03-2025,Inter Miami CF,2-1,Philadelphia Union,2-0,Gol de campo,Pie derecho,Major League Soccer,10,57,
854,16-03-2025,Atlanta United FC,1-2,Inter Miami CF,1-1,Gol de campo,Pie izquierdo,Major League Soccer,10,20,
853,13-03-2025,Cavalier F.C.,0-2,Inter Miami CF,0-2,Gol de campo,Pie izquierdo,NAMConcacaf Champions Cup,10,90+2,
852,25-02-2025,Inter Miami CF,3-1,Sporting Kansas City,1-0,Gol de campo,Pie izquierdo,NAMConcacaf Champions Cup,10,19,
851,19-02-2025,Sporting Kansas City,0-1,Inter Miami CF,0-1,Gol de campo,Pie derecho,NAMConcacaf Champions Cup,10,56,
850,09-11-2024,Inter Miami CF,2-3,Atlanta United FC,2-2,Gol de campo,Cabeza,Major League Soccer Play Offs,10,65,
849,19-10-2024,Inter Miami CF,6-2,New England Revolution,6-2,Gol de campo,Pie izquierdo,Major League Soccer,10,89,
848,19-10-2024,Inter Miami CF,6-2,New England Revolution,5-2,Gol de campo,Pie izquierdo,Major League Soccer,10,81,
847,19-10-2024,Inter Miami CF,6-2,New England Revolution,4-2,Gol de campo,Pie izquierdo,Major League Soccer,10,78,
846,15-10-2024,Argentina,6-0,Bolivia,6-0,Gol de campo,Pie izquierdo,Eliminatorias Mundial 2026,10,86,https://www.youtube.com/watch?v=-1RPcpaJsYg
845,15-10-2024,Argentina,6-0,Bolivia,5-0,Gol de campo,Pie derecho,Eliminatorias Mundial 2026,10,84,https://www.youtube.com/watch?v=-1RPcpaJsYg
844,15-10-2024,Argentina,6-0,Bolivia,1-0,Gol de campo,Pie izquierdo,Eliminatorias Mundial 2026,10,19,https://www.youtube.com/watch?v=-1RPcpaJsYg
843,02-10-2024,Columbus Crew,2-3,Inter Miami CF,0-2,Tiro libre,Pie izquierdo,Major League Soccer,10,45+5,
842,02-10-2024,Columbus Crew,2-3,Inter Miami CF,0-1,Gol de campo,Pie izquierdo,Major League Soccer,10,45,
841,29-09-2024,Inter Miami CF,1-1,Charlotte FC,1-1,Gol de campo,Pie izquierdo,Major League Soccer,10,67,
840,15-09-2024,Inter Miami CF,3-1,Philadelphia Union,2-1,Gol de campo,Pie izquierdo,Major League Soccer,10,30,
839,15-09-2024,Inter Miami CF,3-1,Philadelphia Union,1-0,Gol de campo,Pie derecho,Major League Soccer,10,26,
838,09-07-2024,Argentina,2-0,Canada,2-0,Gol de campo,Pie izquierdo,CPACopa América 2024,10,51,
837,14-06-2024,Guatemala,1-4,Argentina,1-4,Gol de campo,Pie izquierdo,Amistoso Internacional,10,77,
836,14-06-2024,Guatemala,1-4,Argentina,1-1,Gol de campo,Pie izquierdo,Amistoso Internacional,10,12,
835,01-06-2024,Inter Miami CF,3-3,St. Louis City,1-1,Gol de campo,Pie izquierdo,Major League Soccer,10,25,
834,29-05-2024,Inter Miami CF,1-3,Atlanta United FC,1-1,Gol de campo,Pie izquierdo,Major League Soccer,10,62,
833,04-05-2024,Inter Miami CF,6-2,New York Red Bulls,2-1,Gol de campo,Pie izquierdo,Major League Soccer,10,50,
832,27-04-2024,New England Revolution,1-4,Inter Miami CF,1-2,Gol de campo,Pie izquierdo,Major League Soccer,10,67,
831,27-04-2024,New England Revolution,1-4,Inter Miami CF,1-1,Gol de campo,Pie izquierdo,Major League Soccer,10,32,
830,20-04-2024,Inter Miami CF,3-1,Nashville SC,3-1,Penal,Pie izquierdo,Major League Soccer,10,81,
829,20-04-2024,Inter Miami CF,3-1,Nashville SC,1-1,Gol de campo,Pie izquierdo,Major League Soccer,10,11,
828,13-04-2024,Sporting Kansas City,2-3,Inter Miami CF,1-2,Gol de campo,Pie izquierdo,Major League Soccer,10,51,
827,06-04-2024,Inter Miami CF,2-2,Colorado Rapids,1-1,Gol de campo,Pie izquierdo,Major League Soccer,10,58,
826,13-03-2024,Inter Miami CF,3-1,Nashville SC,2-0,Gol de campo,Pie izquierdo,NAMConcacaf Champions Cup,10,23,
825,07-03-2024,Nashville SC,2-2,Inter Miami CF,2-1,Gol de campo,Pie izquierdo,NAMConcacaf Champions Cup,10,52,
824,02-03-2024,Inter Miami CF,5-0,Orlando City,5-0,Gol de campo,Cabeza,Major League Soccer,10,62,
823,02-03-2024,Inter Miami CF,5-0,Orlando City,4-0,Rebote,Pecho,Major League Soccer,10,57,
822,25-02-2024,Los Angeles Galaxy,1-1,Inter Miami CF,1-1,Gol de campo,Pie izquierdo,Major League Soccer,10,90+2,
821,17-10-2023,Peru,0-2,Argentina,0-2,Gol de campo,Pie izquierdo,Eliminatorias Mundial 2026,10,42,
820,17-10-2023,Peru,0-2,Argentina,0-1,Gol de campo,Pie izquierdo,Eliminatorias Mundial 2026,10,32,
819,07-09-2023,Argentina,1-0,Ecuador,1-0,Tiro libre,Pie izquierdo,Eliminatorias Mundial 2026,10,78,
818,26-08-2023,New York Red Bulls,0-2,Inter Miami CF,0-2,Gol de campo,Pie izquierdo,Major League Soccer,10,89,
817,20-08-2023,Nashville SC,1-1,Inter Miami CF,0-1,Gol de campo,Pie izquierdo,NAMLeagues Cup,10,23,
816,15-08-2023,Philadelphia Union,1-4,Inter Miami CF,0-2,Gol de campo,Pie izquierdo,NAMLeagues Cup,10,20,
815,11-08-2023,Inter Miami CF,4-0,Charlotte FC,4-0,Gol de campo,Pie izquierdo,NAMLeagues Cup,10,86,
814,06-08-2023,FC Dallas,4-4,Inter Miami CF,4-4,Tiro libre,Pie izquierdo,NAMLeagues Cup,10,85,
813,06-08-2023,FC Dallas,4-4,Inter Miami CF,0-1,Gol de campo,Pie izquierdo,NAMLeagues Cup,10,6,
812,02-08-2023,Inter Miami CF,3-1,Orlando City,3-1,Gol de campo,Pie derecho,NAMLeagues Cup,10,72,
811,02-08-2023,Inter Miami CF,3-1,Orlando City,1-0,Gol de campo,Pie izquierdo,NAMLeagues Cup,10,7,
810,25-07-2023,Inter Miami CF,4-0,Atlanta United FC,2-0,Gol de campo,Pie derecho,NAMLeagues Cup,10,22,
809,25-07-2023,Inter Miami CF,4-0,Atlanta United FC,1-0,Rebote,Pie derecho,NAMLeagues Cup,10,8,
808,22-07-2023,Cruz Azul,1-2,Inter Miami CF,1-2,Tiro libre,Pie izquierdo,NAMLeagues Cup,10,90+4,
807,15-06-2023,Argentina,2-0,Australia,1-0,Gol de campo,Pie izquierdo,Amistoso Internacional,10,2,
806,27-05-2023,RC Strasbourg Alsace,1-1,Paris Saint-Germain,0-1,Gol de campo,Pie izquierdo,PRMLigue 1,30,59,
805,15-04-2023,Paris Saint-Germain,3-1,RC Lens,3-0,Gol de campo,Pie izquierdo,PRMLigue 1,30,40,
804,08-04-2023,OGC Nice,0-2,Paris Saint-Germain,0-1,Gol de campo,Pie izquierdo,PRMLigue 1,30,26,
803,28-03-2023,Argentina,7-0,Curaçao,5-0,Gol de campo,Pie izquierdo,Amistoso Internacional,10,37,
802,28-03-2023,Argentina,7-0,Curaçao,3-0,Gol de campo,Pie izquierdo,Amistoso Internacional,10,33,
801,28-03-2023,Argentina,7-0,Curaçao,1-0,Gol de campo,Pie derecho,Amistoso Internacional,10,20,
800,24-03-2023,Argentina,2-0,Panama,2-0,Tiro libre,Pie izquierdo,Amistoso Internacional,10,89,
799,04-03-2023,Paris Saint-Germain,4-2,FC Nantes,1-0,Gol de campo,Pie izquierdo,PRMLigue 1,30,12,
798,26-02-2023,Olympique Marseille,0-3,Paris Saint-Germain,0-2,Gol de campo,Pie derecho,PRMLigue 1,30,29,
797,19-02-2023,Paris Saint-Germain,4-3,Lille OSC,4-3,Tiro libre,Pie izquierdo,PRMLigue 1,30,90+4,
796,04-02-2023,Paris Saint-Germain,2-1,Toulouse FC,2-1,Gol de campo,Pie izquierdo,PRMLigue 1,30,58,
795,01-02-2023,Montpellier Hérault SC,1-3,Paris Saint-Germain,0-2,Gol de campo,Pie izquierdo,PRMLigue 1,30,72,
794,11-01-2023,Paris Saint-Germain,2-0,Angers SCO,2-0,Gol de campo,Pie derecho,PRMLigue 1,30,72,
793,18-12-2022,Argentina,3-3,France,1-0,Penal,Pie izquierdo,WCPWorld Cup 2022,10,23,
792,18-12-2022,Argentina,3-3,France,3-2,Rebote,Pie derecho,WCPWorld Cup 2022,10,109,
791,13-12-2022,Argentina,3-0,Croatia,1-0,Penal,Pie izquierdo,WCPWorld Cup 2022,10,34,
790,09-12-2022,Netherlands,2-2,Argentina,0-2,Penal,Pie izquierdo,WCPWorld Cup 2022,10,73,
789,03-12-2022,Argentina,2-1,Australia,1-0,Gol de campo,Pie izquierdo,WCPWorld Cup 2022,10,35,
788,26-11-2022,Argentina,2-0,Mexico,1-0,Gol de campo,Pie izquierdo,WCPWorld Cup 2022,10,64,
787,22-11-2022,Argentina,1-2,Saudi Arabia,1-0,Penal,Pie izquierdo,WCPWorld Cup 2022,10,10,
786,16-11-2022,United Arab Emirates,0-5,Argentina,0-4,Gol de campo,Pie derecho,Amistoso Internacional,10,44,
785,29-10-2022,Paris Saint-Germain,4-3,ES Troyes AC,2-2,Gol de campo,Pie izquierdo,PRMLigue 1,30,55,
784,25-10-2022,Paris Saint-Germain,7-2,Maccabi Haifa,4-1,Gol de campo,Pie izquierdo,UEFA Champions League,30,44,
783,25-10-2022,Paris Saint-Germain,7-2,Maccabi Haifa,1-0,Gol de campo,Pie izquierdo,UEFA Champions League,30,19,
782,21-10-2022,AC Ajaccio,0-3,Paris Saint-Germain,0-2,Gol de campo,Pie izquierdo,PRMLigue 1,30,78,
781,05-10-2022,Benfica,1-1,Paris Saint-Germain,0-1,Gol de campo,Pie izquierdo,UEFA Champions League,30,22,
780,01-10-2022,Paris Saint-Germain,2-1,OGC Nice,1-0,Tiro libre,Pie izquierdo,PRMLigue 1,30,29,
779,27-09-2022,Argentina,3-0,Jamaica,3-0,Tiro libre,Pie izquierdo,Amistoso Internacional,10,89,
778,27-09-2022,Argentina,3-0,Jamaica,2-0,Gol de campo,Pie izquierdo,Amistoso Internacional,10,87,
777,23-09-2022,Argentina,3-0,Honduras,3-0,Gol de campo,Pie izquierdo,Amistoso Internacional,10,69,
776,23-09-2022,Argentina,3-0,Honduras,2-0,Penal,Pie izquierdo,Amistoso Internacional,10,45+2,
775,18-09-2022,Olympique Lyonnais,0-1,Paris Saint-Germain,0-1,Gol de campo,Pie izquierdo,PRMLigue 1,30,5,
774,14-09-2022,Maccabi Haifa,1-3,Paris Saint-Germain,1-1,Rebote,Pie izquierdo,UEFA Champions League,30,37,
773,21-08-2022,Lille OSC,1-7,Paris Saint-Germain,0-2,Gol de campo,Pie derecho,PRMLigue 1,30,28,
772,06-08-2022,Clermont Foot 63,0-5,Paris Saint-Germain,0-5,Gol de campo,Pie izquierdo,PRMLigue 1,30,86,
771,06-08-2022,Clermont Foot 63,0-5,Paris Saint-Germain,0-4,Gol de campo,Pie izquierdo,PRMLigue 1,30,80,
770,31-07-2022,Paris Saint-Germain,4-0,FC Nantes,1-0,Gol de campo,Pie derecho,SUPTrophée des Champions,30,22,
769,05-06-2022,Argentina,5-0,Estonia,5-0,Rebote,Pie izquierdo,Amistoso Internacional,10,76,
768,05-06-2022,Argentina,5-0,Estonia,4-0,Gol de campo,Pie derecho,Amistoso Internacional,10,71,
767,05-06-2022,Argentina,5-0,Estonia,3-0,Gol de campo,Pie izquierdo,Amistoso Internacional,10,47,
766,05-06-2022,Argentina,5-0,Estonia,2-0,Gol de campo,Pie izquierdo,Amistoso Internacional,10,45,
765,05-06-2022,Argentina,5-0,Estonia,1-0,Penal,Pie izquierdo,Amistoso Internacional,10,8,
764,14-05-2022,Montpellier Hérault SC,0-4,Paris Saint-Germain,0-2,Gol de campo,Pie izquierdo,PRMLigue 1,30,20,
763,14-05-2022,Montpellier Hérault SC,0-4,Paris Saint-Germain,0-1,Gol de campo,Pie izquierdo,PRMLigue 1,30,6,
762,23-04-2022,Paris Saint-Germain,1-1,RC Lens,1-0,Gol de campo,Pie izquierdo,PRMLigue 1,30,68,
761,03-04-2022,Paris Saint-Germain,5-1,FC Lorient,4-1,Gol de campo,Pie izquierdo,PRMLigue 1,30,73,
760,26-03-2022,Argentina,3-0,Venezuela,3-0,Gol de campo,Pie derecho,WCQWorld Cup 2022 Qualification,10,82,
759,06-02-2022,Lille OSC,1-5,Paris Saint-Germain,1-3,Gol de campo,Pie izquierdo,PRMLigue 1,30,38,
758,07-12-2021,Paris Saint-Germain,4-1,Club Brugge,4-1,Penal,Pie izquierdo,UEFA Champions League,30,76,
757,07-12-2021,Paris Saint-Germain,4-1,Club Brugge,3-0,Gol de campo,Pie izquierdo,UEFA Champions League,30,38,
756,20-11-2021,Paris Saint-Germain,3-1,FC Nantes,3-1,Gol de campo,Pie izquierdo,PRMLigue 1,30,87,
755,19-10-2021,Paris Saint-Germain,3-2,RB Leipzig,3-2,Penal,Pie izquierdo,UEFA Champions League,30,74,
754,19-10-2021,Paris Saint-Germain,3-2,RB Leipzig,2-2,Rebote,Pie izquierdo,UEFA Champions League,30,67,
753,10-10-2021,Argentina,3-0,Uruguay,1-0,Gol de campo,Pie izquierdo,WCQWorld Cup 2022 Qualification,10,38,
752,28-09-2021,Paris Saint-Germain,2-0,Manchester City,2-0,Gol de campo,Pie izquierdo,UEFA Champions League,30,74,
751,09-09-2021,Argentina,3-0,Bolivia,3-0,Rebote,Pie izquierdo,WCQWorld Cup 2022 Qualification,10,88,
750,09-09-2021,Argentina,3-0,Bolivia,2-0,Gol de campo,Pie derecho,WCQWorld Cup 2022 Qualification,10,64,
749,09-09-2021,Argentina,3-0,Bolivia,1-0,Gol de campo,Pie izquierdo,WCQWorld Cup 2022 Qualification,10,14,
748,03-07-2021,Argentina,3-0,Ecuador,3-0,Tiro libre,Pie izquierdo,CPACopa América 2021,10,90+3,
747,28-06-2021,Bolivia,1-4,Argentina,0-3,Gol de campo,Pie izquierdo,CPACopa América 2021,10,42,
746,28-06-2021,Bolivia,1-4,Argentina,0-2,Penal,Pie izquierdo,CPACopa América 2021,10,33,
745,14-06-2021,Argentina,1-1,Chile,1-0,Tiro libre,Pie izquierdo,CPACopa América 2021,10,33,
744,04-06-2021,Argentina,1-1,Chile,1-0,Penal,Pie izquierdo,WCQWorld Cup 2022 Qualification,10,23,
743,16-05-2021,FC Barcelona,1-2,Celta de Vigo,1-0,Gol de campo,Cabeza,La Liga,10,28,
742,11-05-2021,Levante,3-3,FC Barcelona,0-1,Gol de campo,Pie izquierdo,La Liga,10,25,
741,02-05-2021,Valencia,2-3,FC Barcelona,1-3,Tiro libre,Pie izquierdo,La Liga,10,69,
740,02-05-2021,Valencia,2-3,FC Barcelona,1-1,Rebote,Pie izquierdo,La Liga,10,57,
739,29-04-2021,FC Barcelona,1-2,Granada,1-0,Gol de campo,Pie izquierdo,La Liga,10,23,
738,22-04-2021,FC Barcelona,5-2,Getafe,3-1,Rebote,Pie izquierdo,La Liga,10,33,
737,22-04-2021,FC Barcelona,5-2,Getafe,1-0,Gol de campo,Pie izquierdo,La Liga,10,8,
736,17-04-2021,Athletic de Bilbao,0-4,FC Barcelona,0-4,Gol de campo,Pie izquierdo,Copa del Rey,10,72,
735,17-04-2021,Athletic de Bilbao,0-4,FC Barcelona,0-3,Gol de campo,Pie izquierdo,Copa del Rey,10,68,
734,21-03-2021,Real Sociedad,1-6,FC Barcelona,1-6,Gol de campo,Pie izquierdo,La Liga,10,89,
733,21-03-2021,Real Sociedad,1-6,FC Barcelona,0-4,Gol de campo,Pie izquierdo,La Liga,10,57,
732,15-03-2021,FC Barcelona,4-1,Huesca,4-1,Gol de campo,Pie izquierdo,La Liga,10,90,
731,15-03-2021,FC Barcelona,4-1,Huesca,1-0,Gol de campo,Pie izquierdo,La Liga,10,13,
730,10-03-2021,Paris Saint-Germain,1-1,FC Barcelona,1-1,Gol de campo,Pie izquierdo,UEFA Champions League,10,37,
729,27-02-2021,Sevilla,0-2,FC Barcelona,0-2,Rebote,Pie derecho,La Liga,10,85,
728,24-02-2021,FC Barcelona,3-0,Elche,2-0,Gol de campo,Pie izquierdo,La Liga,10,68,
727,24-02-2021,FC Barcelona,3-0,Elche,1-0,Gol de campo,Pie izquierdo,La Liga,10,48,
726,21-02-2021,FC Barcelona,1-1,Cádiz,1-0,Penal,Pie izquierdo,La Liga,10,32,
725,16-02-2021,FC Barcelona,1-4,Paris Saint-Germain,1-0,Penal,Pie izquierdo,UEFA Champions League,10,28,
724,13-02-2021,FC Barcelona,5-1,Alavés,4-1,Gol de campo,Pie izquierdo,La Liga,10,75,
723,13-02-2021,FC Barcelona,5-1,Alavés,2-0,Gol de campo,Pie izquierdo,La Liga,10,45+1,
722,07-02-2021,Real Betis,2-3,FC Barcelona,1-1,Gol de campo,Pie izquierdo,La Liga,10,60,
721,31-01-2021,FC Barcelona,2-1,Athletic de Bilbao,1-0,Tiro libre,Pie izquierdo,La Liga,10,20,
720,27-01-2021,Rayo Vallecano,1-2,FC Barcelona,1-1,Gol de campo,Pie izquierdo,Copa del Rey,10,70,
719,09-01-2021,Granada,0-4,FC Barcelona,0-3,Tiro libre,Pie izquierdo,La Liga,10,42,
718,09-01-2021,Granada,0-4,FC Barcelona,0-2,Gol de campo,Pie izquierdo,La Liga,10,35,
717,06-01-2021,Athletic de Bilbao,2-3,FC Barcelona,1-3,Gol de campo,Pie izquierdo,La Liga,10,62,
716,06-01-2021,Athletic de Bilbao,2-3,FC Barcelona,1-2,Gol de campo,Pie izquierdo,La Liga,10,38,
715,22-12-2020,Real Valladolid,0-3,FC Barcelona,0-3,Gol de campo,Pie izquierdo,La Liga,10,65,
714,19-12-2020,FC Barcelona,2-2,Valencia,1-1,Gol de campo,Cabeza,La Liga,10,45+4,
713,13-12-2020,FC Barcelona,1-0,Levante,1-0,Gol de campo,Pie izquierdo,La Liga,10,76,
712,29-11-2020,FC Barcelona,4-0,Osasuna,4-0,Gol de campo,Pie izquierdo,La Liga,10,73,
711,07-11-2020,FC Barcelona,5-2,Real Betis,4-2,Gol de campo,Pie izquierdo,La Liga,10,82,
710,07-11-2020,FC Barcelona,5-2,Real Betis,3-1,Penal,Pie izquierdo,La Liga,10,61,
709,04-11-2020,FC Barcelona,2-1,Dynamo Kyiv,1-0,Penal,Pie izquierdo,UEFA Champions League,10,5,
708,28-10-2020,Juventus,0-2,FC Barcelona,0-2,Penal,Pie izquierdo,UEFA Champions League,10,90+1,
707,20-10-2020,FC Barcelona,5-1,Ferencváros,1-0,Penal,Pie izquierdo,UEFA Champions League,10,27,
706,09-10-2020,Argentina,1-0,Ecuador,1-0,Penal,Pie izquierdo,WCQWorld Cup 2022 Qualification,10,13,
705,27-09-2020,FC Barcelona,4-0,Villarreal,3-0,Penal,Pie izquierdo,La Liga,10,35,
704,08-08-2020,FC Barcelona,3-1,Napoli,2-0,Rebote,Pie izquierdo,UEFA Champions League,10,23,
703,19-07-2020,Alavés,0-5,FC Barcelona,0-5,Gol de campo,Pie izquierdo,La Liga,10,75,
702,19-07-2020,Alavés,0-5,FC Barcelona,0-2,Gol de campo,Pie izquierdo,La Liga,10,34,
701,16-07-2020,FC Barcelona,1-2,Osasuna,1-1,Tiro libre,Pie izquierdo,La Liga,10,62,
700,30-06-2020,FC Barcelona,2-2,Atlético Madrid,2-1,Penal,Pie izquierdo,La Liga,10,50,
699,16-06-2020,FC Barcelona,2-0,Leganés,2-0,Penal,Pie izquierdo,La Liga,10,69,
698,13-06-2020,Real Mallorca,0-4,FC Barcelona,0-4,Gol de campo,Pie derecho,La Liga,10,90+3,
697,07-03-2020,FC Barcelona,1-0,Real Sociedad,1-0,Penal,Pie izquierdo,La Liga,10,81,
696,22-02-2020,FC Barcelona,5-0,Eibar,4-0,Rebote,Pie izquierdo,La Liga,10,87,
695,22-02-2020,FC Barcelona,5-0,Eibar,3-0,Rebote,Pie izquierdo,La Liga,10,40,
694,22-02-2020,FC Barcelona,5-0,Eibar,2-0,Gol de campo,Pie izquierdo,La Liga,10,37,
693,22-02-2020,FC Barcelona,5-0,Eibar,1-0,Gol de campo,Pie izquierdo,La Liga,10,14,
692,30-01-2020,FC Barcelona,5-0,Leganés,5-0,Gol de campo,Pie izquierdo,Copa del Rey,10,89,
691,30-01-2020,FC Barcelona,5-0,Leganés,3-0,Gol de campo,Pie izquierdo,Copa del Rey,10,59,
690,19-01-2020,FC Barcelona,1-0,Granada,1-0,Gol de campo,Pie derecho,La Liga,10,76,
689,09-01-2020,FC Barcelona,2-3,Atlético Madrid,1-1,Gol de campo,Pie derecho,SUPSpanish Super Cup,10,51,
688,21-12-2019,FC Barcelona,4-1,Alavés,3-1,Gol de campo,Pie izquierdo,La Liga,10,69,
687,07-12-2019,FC Barcelona,5-2,Real Mallorca,5-2,Gol de campo,Pie izquierdo,La Liga,10,83,
686,07-12-2019,FC Barcelona,5-2,Real Mallorca,3-1,Gol de campo,Pie izquierdo,La Liga,10,41,
685,07-12-2019,FC Barcelona,5-2,Real Mallorca,2-0,Gol de campo,Pie izquierdo,La Liga,10,17,
684,01-12-2019,Atlético Madrid,0-1,FC Barcelona,0-1,Gol de campo,Pie izquierdo,La Liga,10,86,
683,27-11-2019,FC Barcelona,3-1,Borussia Dortmund,2-0,Gol de campo,Pie izquierdo,UEFA Champions League,10,33,
682,18-11-2019,Argentina,2-2,Uruguay,2-2,Penal,Pie izquierdo,Amistoso Internacional,10,90+2,
681,15-11-2019,Brazil,0-1,Argentina,0-1,Rebote,Pie izquierdo,Amistoso Internacional,10,13,
680,09-11-2019,FC Barcelona,4-1,Celta de Vigo,3-1,Tiro libre,Pie izquierdo,La Liga,10,48,
679,09-11-2019,FC Barcelona,4-1,Celta de Vigo,2-1,Tiro libre,Pie izquierdo,La Liga,10,45,
678,09-11-2019,FC Barcelona,4-1,Celta de Vigo,1-0,Penal,Pie izquierdo,La Liga,10,23,
677,02-11-2019,Levante,3-1,FC Barcelona,0-1,Penal,Pie izquierdo,La Liga,10,38,
676,29-10-2019,FC Barcelona,5-1,Real Valladolid,4-1,Gol de campo,Pie izquierdo,La Liga,10,75,
675,29-10-2019,FC Barcelona,5-1,Real Valladolid,3-1,Tiro libre,Pie izquierdo,La Liga,10,34,
674,23-10-2019,Slavia Prague,1-2,FC Barcelona,0-1,Gol de campo,Pie izquierdo,UEFA Champions League,10,3,
673,19-10-2019,Eibar,0-3,FC Barcelona,0-2,Gol de campo,Pie izquierdo,La Liga,10,58,
672,06-10-2019,FC Barcelona,4-0,Sevilla,4-0,Tiro libre,Pie izquierdo,La Liga,10,78,
671,19-06-2019,Argentina,1-1,Paraguay,1-1,Penal,Pie izquierdo,CPACopa América 2019,10,57,
670,08-06-2019,Argentina,5-1,Nicaragua,2-0,Rebote,Pie izquierdo,Amistoso Internacional,10,38,
669,08-06-2019,Argentina,5-1,Nicaragua,1-0,Gol de campo,Pie izquierdo,Amistoso Internacional,10,37,
668,25-05-2019,FC Barcelona,1-2,Valencia,1-2,Rebote,Pie izquierdo,Copa del Rey,10,73,
667,19-05-2019,Eibar,2-2,FC Barcelona,0-2,Gol de campo,Pie izquierdo,La Liga,10,32,
666,19-05-2019,Eibar,2-2,FC Barcelona,0-1,Gol de campo,Pie izquierdo,La Liga,10,31,
665,01-05-2019,FC Barcelona,3-0,Liverpool,3-0,Tiro libre,Pie izquierdo,UEFA Champions League,10,82,
664,01-05-2019,FC Barcelona,3-0,Liverpool,2-0,Rebote,Pie izquierdo,UEFA Champions League,10,75,
663,27-04-2019,FC Barcelona,1-0,Levante,1-0,Gol de campo,Pie izquierdo,La Liga,10,62,
662,16-04-2019,FC Barcelona,3-0,Manchester United,2-0,Gol de campo,Pie derecho,UEFA Champions League,10,20,
661,16-04-2019,FC Barcelona,3-0,Manchester United,1-0,Gol de campo,Pie izquierdo,UEFA Champions League,10,16,
660,06-04-2019,FC Barcelona,2-0,Atlético Madrid,2-0,Gol de campo,Pie izquierdo,La Liga,10,87,
659,02-04-2019,Villarreal,4-4,FC Barcelona,4-3,Tiro libre,Pie izquierdo,La Liga,10,90+1,
658,30-03-2019,FC Barcelona,2-0,Espanyol,2-0,Gol de campo,Pie izquierdo,La Liga,10,89,
657,30-03-2019,FC Barcelona,2-0,Espanyol,1-0,Tiro libre,Pie izquierdo,La Liga,10,71,
656,17-03-2019,Real Betis,1-4,FC Barcelona,1-4,Gol de campo,Pie izquierdo,La Liga,10,85,
655,17-03-2019,Real Betis,1-4,FC Barcelona,0-2,Gol de campo,Pie izquierdo,La Liga,10,45+2,
654,17-03-2019,Real Betis,1-4,FC Barcelona,0-1,Tiro libre,Pie izquierdo,La Liga,10,18,
653,13-03-2019,FC Barcelona,5-1,Olympique Lyonnais,3-1,Gol de campo,Pie derecho,UEFA Champions League,10,78,
652,13-03-2019,FC Barcelona,5-1,Olympique Lyonnais,1-0,Penal,Pie izquierdo,UEFA Champions League,10,18,
651,09-03-2019,FC Barcelona,3-1,Rayo Vallecano,2-1,Penal,Pie izquierdo,La Liga,10,51,
650,23-02-2019,Sevilla,2-4,FC Barcelona,2-3,Gol de campo,Pie izquierdo,La Liga,10,85,
649,23-02-2019,Sevilla,2-4,FC Barcelona,2-2,Gol de campo,Pie derecho,La Liga,10,67,
648,23-02-2019,Sevilla,2-4,FC Barcelona,1-1,Gol de campo,Pie izquierdo,La Liga,10,26,
647,16-02-2019,FC Barcelona,1-0,Real Valladolid,1-0,Penal,Pie izquierdo,La Liga,10,43,
646,02-02-2019,FC Barcelona,2-2,Valencia,2-2,Gol de campo,Pie izquierdo,La Liga,10,64,
645,02-02-2019,FC Barcelona,2-2,Valencia,1-2,Penal,Pie izquierdo,La Liga,10,39,
644,30-01-2019,FC Barcelona,6-1,Sevilla,6-1,Gol de campo,Pie izquierdo,Copa del Rey,10,90+2,
643,27-01-2019,Girona,0-2,FC Barcelona,0-2,Gol de campo,Pie izquierdo,La Liga,10,68,
642,20-01-2019,FC Barcelona,3-1,Leganés,3-1,Gol de campo,Pie derecho,La Liga,10,90+2,
641,17-01-2019,FC Barcelona,3-0,Levante,3-0,Gol de campo,Pie izquierdo,Copa del Rey,10,54,
640,13-01-2019,FC Barcelona,3-0,Eibar,2-0,Gol de campo,Pie izquierdo,La Liga,10,53,
639,06-01-2019,Getafe,1-2,FC Barcelona,0-1,Gol de campo,Pie izquierdo,La Liga,10,20,
638,22-12-2018,FC Barcelona,2-0,Celta de Vigo,2-0,Gol de campo,Pie izquierdo,La Liga,10,45,
637,16-12-2018,Levante,0-5,FC Barcelona,0-4,Gol de campo,Pie izquierdo,La Liga,10,60,
636,16-12-2018,Levante,0-5,FC Barcelona,0-3,Gol de campo,Pie izquierdo,La Liga,10,47,
635,16-12-2018,Levante,0-5,FC Barcelona,0-2,Gol de campo,Pie derecho,La Liga,10,43,
634,08-12-2018,Espanyol,0-4,FC Barcelona,0-4,Tiro libre,Pie izquierdo,La Liga,10,65,
633,08-12-2018,Espanyol,0-4,FC Barcelona,0-1,Tiro libre,Pie izquierdo,La Liga,10,18,
632,28-11-2018,PSV Eindhoven,1-2,FC Barcelona,0-1,Gol de campo,Pie izquierdo,UEFA Champions League,10,61,
631,11-11-2018,FC Barcelona,3-4,Real Betis,3-4,Gol de campo,Pie izquierdo,La Liga,10,90+2,
630,11-11-2018,FC Barcelona,3-4,Real Betis,1-2,Penal,Pie izquierdo,La Liga,10,68,
629,20-10-2018,FC Barcelona,4-2,Sevilla,2-0,Gol de campo,Pie izquierdo,La Liga,10,12,
628,07-10-2018,Valencia,1-1,FC Barcelona,1-1,Gol de campo,Pie izquierdo,La Liga,10,23,
627,03-10-2018,Tottenham Hotspur F.C.,2-4,FC Barcelona,2-4,Gol de campo,Pie izquierdo,UEFA Champions League,10,90,
626,03-10-2018,Tottenham Hotspur F.C.,2-4,FC Barcelona,1-3,Gol de campo,Pie izquierdo,UEFA Champions League,10,56,
625,23-09-2018,FC Barcelona,2-2,Girona,1-0,Gol de campo,Pie izquierdo,La Liga,10,19,
624,18-09-2018,FC Barcelona,4-0,PSV Eindhoven,4-0,Gol de campo,Pie derecho,UEFA Champions League,10,87,
623,18-09-2018,FC Barcelona,4-0,PSV Eindhoven,3-0,Gol de campo,Pie izquierdo,UEFA Champions League,10,77,
622,18-09-2018,FC Barcelona,4-0,PSV Eindhoven,1-0,Tiro libre,Pie izquierdo,UEFA Champions League,10,32,
621,02-09-2018,FC Barcelona,8-2,Huesca,6-2,Gol de campo,Pie izquierdo,La Liga,10,61,
620,02-09-2018,FC Barcelona,8-2,Huesca,1-1,Gol de campo,Pie derecho,La Liga,10,16,
619,18-08-2018,FC Barcelona,3-0,Alavés,3-0,Gol de campo,Pie izquierdo,La Liga,10,90+2,
618,18-08-2018,FC Barcelona,3-0,Alavés,1-0,Tiro libre,Pie izquierdo,La Liga,10,64,
617,26-06-2018,Nigeria,1-2,Argentina,0-1,Gol de campo,Pie derecho,WCPWorld Cup 2018,10,14,
616,29-05-2018,Argentina,4-0,Haiti,3-0,Gol de campo,Pie izquierdo,Amistoso Internacional,10,66,
615,29-05-2018,Argentina,4-0,Haiti,2-0,Rebote,Pie derecho,Amistoso Internacional,10,58,
614,29-05-2018,Argentina,4-0,Haiti,1-0,Penal,Pie izquierdo,Amistoso Internacional,10,17,
613,09-05-2018,FC Barcelona,5-1,Villarreal,3-0,Gol de campo,Pie izquierdo,La Liga,10,45,
612,06-05-2018,FC Barcelona,2-2,Real Madrid,2-1,Gol de campo,Pie izquierdo,La Liga,10,52,
611,29-04-2018,Deportivo La Coruña,2-4,FC Barcelona,2-4,Gol de campo,Pie izquierdo,La Liga,10,85,
610,29-04-2018,Deportivo La Coruña,2-4,FC Barcelona,2-3,Gol de campo,Pie derecho,La Liga,10,82,
609,29-04-2018,Deportivo La Coruña,2-4,FC Barcelona,0-2,Gol de campo,Pie izquierdo,La Liga,10,38,
608,21-04-2018,Sevilla,0-5,FC Barcelona,0-2,Gol de campo,Pie izquierdo,Copa del Rey,10,31,
607,07-04-2018,FC Barcelona,3-1,Leganés,3-1,Gol de campo,Pie izquierdo,La Liga,10,87,
606,07-04-2018,FC Barcelona,3-1,Leganés,2-0,Gol de campo,Pie izquierdo,La Liga,10,32,
605,07-04-2018,FC Barcelona,3-1,Leganés,1-0,Tiro libre,Pie izquierdo,La Liga,10,27,
604,31-03-2018,Sevilla,2-2,FC Barcelona,2-2,Gol de campo,Pie izquierdo,La Liga,10,89,
603,18-03-2018,FC Barcelona,2-0,Athletic de Bilbao,2-0,Gol de campo,Pie izquierdo,La Liga,10,30,
602,14-03-2018,FC Barcelona,3-0,Chelsea,3-0,Gol de campo,Pie izquierdo,UEFA Champions League,10,63,
601,14-03-2018,FC Barcelona,3-0,Chelsea,1-0,Gol de campo,Pie derecho,UEFA Champions League,10,3,
600,04-03-2018,FC Barcelona,1-0,Atlético Madrid,1-0,Tiro libre,Pie izquierdo,La Liga,10,26,
599,01-03-2018,Las Palmas,1-1,FC Barcelona,0-1,Tiro libre,Pie izquierdo,La Liga,10,21,
598,24-02-2018,FC Barcelona,6-1,Girona,3-1,Tiro libre,Pie izquierdo,La Liga,10,36,
597,24-02-2018,FC Barcelona,6-1,Girona,2-1,Gol de campo,Pie izquierdo,La Liga,10,30,
596,20-02-2018,Chelsea,1-1,FC Barcelona,1-1,Gol de campo,Pie izquierdo,UEFA Champions League,10,75,
595,28-01-2018,FC Barcelona,2-1,Alavés,2-1,Tiro libre,Pie izquierdo,La Liga,10,84,
594,25-01-2018,FC Barcelona,2-0,Espanyol,2-0,Gol de campo,Pie izquierdo,Copa del Rey,10,25,
593,21-01-2018,Real Betis,0-5,FC Barcelona,0-4,Solo run,Pie izquierdo,La Liga,10,80,
592,21-01-2018,Real Betis,0-5,FC Barcelona,0-2,Gol de campo,Pie izquierdo,La Liga,10,64,
591,14-01-2018,Real Sociedad,2-4,FC Barcelona,2-4,Tiro libre,Pie izquierdo,La Liga,10,85,
590,11-01-2018,FC Barcelona,5-0,Celta de Vigo,2-0,Gol de campo,Pie izquierdo,Copa del Rey,10,15,
589,11-01-2018,FC Barcelona,5-0,Celta de Vigo,1-0,Gol de campo,Pie izquierdo,Copa del Rey,10,13,
588,07-01-2018,FC Barcelona,3-0,Levante,1-0,Gol de campo,Pie izquierdo,La Liga,10,12,
587,23-12-2017,Real Madrid,0-3,FC Barcelona,0-2,Penal,Pie izquierdo,La Liga,10,64,
586,10-12-2017,Villarreal,0-2,FC Barcelona,0-2,Gol de campo,Pie izquierdo,La Liga,10,83,
585,02-12-2017,FC Barcelona,2-2,Celta de Vigo,1-1,Gol de campo,Pie izquierdo,La Liga,10,22,
584,28-10-2017,Athletic de Bilbao,0-2,FC Barcelona,0-1,Gol de campo,Pie izquierdo,La Liga,10,36,
583,18-10-2017,FC Barcelona,3-1,Olympiacos,2-0,Tiro libre,Pie izquierdo,UEFA Champions League,10,61,
582,10-10-2017,Ecuador,1-3,Argentina,1-3,Gol de campo,Pie izquierdo,WCQWorld Cup 2018 Qualification,10,63,
581,10-10-2017,Ecuador,1-3,Argentina,1-2,Gol de campo,Pie izquierdo,WCQWorld Cup 2018 Qualification,10,20,
580,10-10-2017,Ecuador,1-3,Argentina,1-1,Gol de campo,Pie izquierdo,WCQWorld Cup 2018 Qualification,10,12,
579,01-10-2017,FC Barcelona,3-0,Las Palmas,3-0,Gol de campo,Pie izquierdo,La Liga,10,77,
578,01-10-2017,FC Barcelona,3-0,Las Palmas,2-0,Gol de campo,Pie izquierdo,La Liga,10,71,
577,19-09-2017,FC Barcelona,6-1,Eibar,6-1,Gol de campo,Pie izquierdo,La Liga,10,87,
576,19-09-2017,FC Barcelona,6-1,Eibar,5-1,Gol de campo,Pie izquierdo,La Liga,10,62,
575,19-09-2017,FC Barcelona,6-1,Eibar,4-1,Gol de campo,Pie izquierdo,La Liga,10,59,
574,19-09-2017,FC Barcelona,6-1,Eibar,1-0,Penal,Pie izquierdo,La Liga,10,20,
573,12-09-2017,FC Barcelona,3-0,Juventus,3-0,Gol de campo,Pie izquierdo,UEFA Champions League,10,69,
572,12-09-2017,FC Barcelona,3-0,Juventus,1-0,Gol de campo,Pie izquierdo,UEFA Champions League,10,45,
571,09-09-2017,FC Barcelona,5-0,Espanyol,3-0,Gol de campo,Pie izquierdo,La Liga,10,67,
570,09-09-2017,FC Barcelona,5-0,Espanyol,2-0,Gol de campo,Pie derecho,La Liga,10,35,
569,09-09-2017,FC Barcelona,5-0,Espanyol,1-0,Gol de campo,Pie izquierdo,La Liga,10,26,
568,26-08-2017,Alavés,0-2,FC Barcelona,0-2,Gol de campo,Pie izquierdo,La Liga,10,66,
567,26-08-2017,Alavés,0-2,FC Barcelona,0-1,Gol de campo,Pie izquierdo,La Liga,10,55,
566,13-08-2017,FC Barcelona,1-3,Real Madrid,1-1,Penal,Pie izquierdo,SUPSpanish Super Cup,10,76,
565,27-05-2017,FC Barcelona,3-1,Alavés,1-0,Gol de campo,Pie izquierdo,Copa del Rey,10,30,
564,21-05-2017,FC Barcelona,4-2,Eibar,4-2,Solo run,Pie derecho,La Liga,10,90+2,
563,21-05-2017,FC Barcelona,4-2,Eibar,3-2,Penal,Pie izquierdo,La Liga,10,76,
562,06-05-2017,FC Barcelona,4-1,Villarreal,4-1,Penal,Pie izquierdo,La Liga,10,82,
561,06-05-2017,FC Barcelona,4-1,Villarreal,2-1,Gol de campo,Pie izquierdo,La Liga,10,45,
560,26-04-2017,FC Barcelona,7-1,Osasuna,4-1,Gol de campo,Pie izquierdo,La Liga,10,61,
559,26-04-2017,FC Barcelona,7-1,Osasuna,1-0,Gol de campo,Pie izquierdo,La Liga,10,12,
558,23-04-2017,Real Madrid,2-3,FC Barcelona,2-3,Gol de campo,Pie izquierdo,La Liga,10,90+2,
557,23-04-2017,Real Madrid,2-3,FC Barcelona,1-1,Gol de campo,Pie izquierdo,La Liga,10,33,
556,15-04-2017,FC Barcelona,3-2,Real Sociedad,2-0,Rebote,Pie izquierdo,La Liga,10,37,
555,15-04-2017,FC Barcelona,3-2,Real Sociedad,1-0,Gol de campo,Pie izquierdo,La Liga,10,17,
554,05-04-2017,FC Barcelona,3-0,Sevilla,3-0,Gol de campo,Pie izquierdo,La Liga,10,33,
553,05-04-2017,FC Barcelona,3-0,Sevilla,2-0,Gol de campo,Pie derecho,La Liga,10,28,
552,23-03-2017,Argentina,1-0,Chile,1-0,Penal,Pie izquierdo,WCQWorld Cup 2018 Qualification,10,16,
551,19-03-2017,FC Barcelona,4-2,Valencia,3-2,Gol de campo,Pie derecho,La Liga,10,53,
550,19-03-2017,FC Barcelona,4-2,Valencia,2-1,Penal,Pie izquierdo,La Liga,10,45,
549,08-03-2017,FC Barcelona,6-1,Paris Saint-Germain,3-0,Penal,Pie izquierdo,UEFA Champions League,10,50,
548,04-03-2017,FC Barcelona,5-0,Celta de Vigo,5-0,Solo run,Pie izquierdo,La Liga,10,64,
547,04-03-2017,FC Barcelona,5-0,Celta de Vigo,1-0,Solo run,Pie izquierdo,La Liga,10,24,
546,01-03-2017,FC Barcelona,6-1,Sporting Gijón,1-0,Gol de campo,Cabeza,La Liga,10,9,
545,26-02-2017,Atlético Madrid,1-2,FC Barcelona,1-2,Rebote,Pie izquierdo,La Liga,10,87,
544,19-02-2017,FC Barcelona,2-1,Leganés,2-1,Penal,Pie izquierdo,La Liga,10,89,
543,19-02-2017,FC Barcelona,2-1,Leganés,1-0,Gol de campo,Pie derecho,La Liga,10,4,
542,11-02-2017,Alavés,0-6,FC Barcelona,0-3,Gol de campo,Pie izquierdo,La Liga,10,59,
541,04-02-2017,FC Barcelona,3-0,Athletic de Bilbao,2-0,Tiro libre,Pie izquierdo,La Liga,10,40,
540,01-02-2017,Atlético Madrid,1-2,FC Barcelona,0-2,Gol de campo,Pie izquierdo,Copa del Rey,10,33,
539,26-01-2017,FC Barcelona,5-2,Real Sociedad,2-0,Penal,Pie izquierdo,Copa del Rey,10,55,
538,22-01-2017,Eibar,0-4,FC Barcelona,0-2,Gol de campo,Pie izquierdo,La Liga,10,50,
537,14-01-2017,FC Barcelona,5-0,Las Palmas,2-0,Rebote,Pie derecho,La Liga,10,52,
536,11-01-2017,FC Barcelona,3-1,Athletic de Bilbao,3-1,Tiro libre,Pie izquierdo,Copa del Rey,10,78,
535,08-01-2017,Villarreal,1-1,FC Barcelona,1-1,Tiro libre,Pie izquierdo,La Liga,10,90,
534,05-01-2017,Athletic de Bilbao,2-1,FC Barcelona,2-1,Tiro libre,Pie izquierdo,Copa del Rey,10,52,
533,18-12-2016,FC Barcelona,4-1,Espanyol,4-1,Gol de campo,Pie izquierdo,La Liga,10,90,
532,10-12-2016,Osasuna,0-3,FC Barcelona,0-3,Solo run,Pie izquierdo,La Liga,10,90+2,
531,10-12-2016,Osasuna,0-3,FC Barcelona,0-2,Gol de campo,Pie izquierdo,La Liga,10,72,
530,06-12-2016,FC Barcelona,4-0,Borussia Mönchengladbach,1-0,Gol de campo,Pie izquierdo,UEFA Champions League,10,16,
529,27-11-2016,Real Sociedad,1-1,FC Barcelona,1-1,Gol de campo,Pie izquierdo,La Liga,10,59,
528,23-11-2016,Celtic,0-2,FC Barcelona,0-2,Penal,Pie izquierdo,UEFA Champions League,10,55,
527,23-11-2016,Celtic,0-2,FC Barcelona,0-1,Gol de campo,Pie izquierdo,UEFA Champions League,10,24,
526,15-11-2016,Argentina,3-0,Colombia,1-0,Tiro libre,Pie izquierdo,WCQWorld Cup 2018 Qualification,10,10,
525,06-11-2016,Sevilla,1-2,FC Barcelona,1-1,Gol de campo,Pie izquierdo,La Liga,10,43,
524,01-11-2016,Manchester City,3-1,FC Barcelona,0-1,Gol de campo,Pie izquierdo,UEFA Champions League,10,21,
523,22-10-2016,Valencia,2-3,FC Barcelona,2-3,Penal,Pie izquierdo,La Liga,10,90+4,
522,22-10-2016,Valencia,2-3,FC Barcelona,0-1,Gol de campo,Pie izquierdo,La Liga,10,22,
521,19-10-2016,FC Barcelona,4-0,Manchester City,3-0,Gol de campo,Pie izquierdo,UEFA Champions League,10,69,
520,19-10-2016,FC Barcelona,4-0,Manchester City,2-0,Gol de campo,Pie izquierdo,UEFA Champions League,10,61,
519,19-10-2016,FC Barcelona,4-0,Manchester City,1-0,Gol de campo,Pie izquierdo,UEFA Champions League,10,17,
518,15-10-2016,FC Barcelona,4-0,Deportivo La Coruña,4-0,Gol de campo,Pie izquierdo,La Liga,10,58,
517,17-09-2016,Leganés,1-5,FC Barcelona,0-4,Penal,Pie izquierdo,La Liga,10,55,
516,17-09-2016,Leganés,1-5,FC Barcelona,0-1,Gol de campo,Pie izquierdo,La Liga,10,15,
515,13-09-2016,FC Barcelona,7-0,Celtic,5-0,Gol de campo,Pie izquierdo,UEFA Champions League,10,60,
514,13-09-2016,FC Barcelona,7-0,Celtic,2-0,Gol de campo,Pie izquierdo,UEFA Champions League,10,27,
513,13-09-2016,FC Barcelona,7-0,Celtic,1-0,Gol de campo,Pie izquierdo,UEFA Champions League,10,3,
512,01-09-2016,Argentina,1-0,Uruguay,1-0,Gol de campo,Pie izquierdo,WCQWorld Cup 2018 Qualification,10,43,
511,20-08-2016,FC Barcelona,6-2,Real Betis,5-1,Gol de campo,Pie izquierdo,La Liga,10,57,
510,20-08-2016,FC Barcelona,6-2,Real Betis,2-1,Gol de campo,Pie izquierdo,La Liga,10,37,
509,17-08-2016,FC Barcelona,3-0,Sevilla,3-0,Gol de campo,Cabeza,SUPSpanish Super Cup,10,55,
508,21-06-2016,United States,0-4,Argentina,0-2,Tiro libre,Pie izquierdo,CPACopa América Centenario,10,32,
507,18-06-2016,Argentina,4-1,Venezuela,3-0,Gol de campo,Pie izquierdo,CPACopa América Centenario,10,60,
506,10-06-2016,Argentina,5-0,Panama,4-0,Gol de campo,Pie izquierdo,CPACopa América Centenario,10,87,
505,10-06-2016,Argentina,5-0,Panama,3-0,Tiro libre,Pie izquierdo,CPACopa América Centenario,10,78,
504,10-06-2016,Argentina,5-0,Panama,2-0,Gol de campo,Pie izquierdo,CPACopa América Centenario,10,68,
503,08-05-2016,FC Barcelona,5-0,Espanyol,1-0,Tiro libre,Pie izquierdo,La Liga,10,8,
502,23-04-2016,FC Barcelona,6-0,Sporting Gijón,1-0,Rebote,Cabeza,La Liga,10,12,
501,20-04-2016,Deportivo La Coruña,0-8,FC Barcelona,0-6,Gol de campo,Pie izquierdo,La Liga,10,73,
500,17-04-2016,FC Barcelona,1-2,Valencia,1-2,Gol de campo,Pie derecho,La Liga,10,63,
499,29-03-2016,Argentina,2-0,Bolivia,2-0,Penal,Pie izquierdo,WCQWorld Cup 2018 Qualification,10,30,
498,16-03-2016,FC Barcelona,3-1,Arsenal,3-1,Gol de campo,Pie izquierdo,UEFA Champions League,10,88,
497,12-03-2016,FC Barcelona,6-0,Getafe,4-0,Gol de campo,Pie izquierdo,La Liga,10,40,
496,06-03-2016,Eibar,0-4,FC Barcelona,0-3,Penal,Pie izquierdo,La Liga,10,76,
495,06-03-2016,Eibar,0-4,FC Barcelona,0-2,Gol de campo,Pie izquierdo,La Liga,10,41,
494,03-03-2016,Rayo Vallecano,1-5,FC Barcelona,1-4,Gol de campo,Pie izquierdo,La Liga,10,72,
493,03-03-2016,Rayo Vallecano,1-5,FC Barcelona,0-3,Rebote,Pie izquierdo,La Liga,10,54,
492,03-03-2016,Rayo Vallecano,1-5,FC Barcelona,0-2,Gol de campo,Pie izquierdo,La Liga,10,23,
491,28-02-2016,FC Barcelona,2-1,Sevilla,1-1,Tiro libre,Pie izquierdo,La Liga,10,31,
490,23-02-2016,Arsenal,0-2,FC Barcelona,0-2,Penal,Pie izquierdo,UEFA Champions League,10,83,
489,23-02-2016,Arsenal,0-2,FC Barcelona,0-1,Gol de campo,Pie izquierdo,UEFA Champions League,10,71,
488,17-02-2016,Sporting Gijón,1-3,FC Barcelona,1-2,Gol de campo,Pie izquierdo,La Liga,10,31,
487,17-02-2016,Sporting Gijón,1-3,FC Barcelona,0-1,Gol de campo,Pie izquierdo,La Liga,10,25,
486,14-02-2016,FC Barcelona,6-1,Celta de Vigo,1-0,Tiro libre,Pie izquierdo,La Liga,10,28,
485,03-02-2016,FC Barcelona,7-0,Valencia,5-0,Gol de campo,Pie izquierdo,Copa del Rey,10,74,
484,03-02-2016,FC Barcelona,7-0,Valencia,4-0,Gol de campo,Pie izquierdo,Copa del Rey,10,58,
483,03-02-2016,FC Barcelona,7-0,Valencia,3-0,Gol de campo,Pie izquierdo,Copa del Rey,10,29,
482,30-01-2016,FC Barcelona,2-1,Atlético Madrid,1-1,Gol de campo,Pie izquierdo,La Liga,10,30,
481,23-01-2016,Málaga,1-2,FC Barcelona,1-2,Gol de campo,Pie izquierdo,La Liga,10,51,
480,17-01-2016,FC Barcelona,6-0,Athletic de Bilbao,1-0,Penal,Pie izquierdo,La Liga,10,7,
479,09-01-2016,FC Barcelona,4-0,Granada,3-0,Rebote,Pie izquierdo,La Liga,10,58,
478,09-01-2016,FC Barcelona,4-0,Granada,2-0,Gol de campo,Pie izquierdo,La Liga,10,14,
477,09-01-2016,FC Barcelona,4-0,Granada,1-0,Gol de campo,Pie izquierdo,La Liga,10,8,
476,06-01-2016,FC Barcelona,4-1,Espanyol,2-1,Tiro libre,Pie izquierdo,Copa del Rey,10,44,
475,06-01-2016,FC Barcelona,4-1,Espanyol,1-1,Gol de campo,Pie izquierdo,Copa del Rey,10,13,
474,30-12-2015,FC Barcelona,4-0,Real Betis,2-0,Gol de campo,Pie derecho,La Liga,10,33,
473,20-12-2015,CA River Plate,0-3,FC Barcelona,0-1,Gol de campo,Pie izquierdo,WCTFIFA Club World Cup,10,36,
472,12-12-2015,FC Barcelona,2-2,Deportivo La Coruña,1-0,Tiro libre,Pie izquierdo,La Liga,10,39,
471,09-12-2015,Bayer Leverkusen,1-1,FC Barcelona,0-1,Gol de campo,Pie derecho,UEFA Champions League,10,20,
470,28-11-2015,FC Barcelona,4-0,Real Sociedad,4-0,Gol de campo,Pie izquierdo,La Liga,10,90+1,
469,24-11-2015,FC Barcelona,6-1,AS Roma,5-0,Rebote,Pie izquierdo,UEFA Champions League,10,59,
468,24-11-2015,FC Barcelona,6-1,AS Roma,2-0,Gol de campo,Pie izquierdo,UEFA Champions League,10,18,
467,20-09-2015,FC Barcelona,4-1,Levante,4-1,Solo run,Pie izquierdo,La Liga,10,90,
466,20-09-2015,FC Barcelona,4-1,Levante,3-0,Penal,Pie izquierdo,La Liga,10,61,
465,12-09-2015,Atlético Madrid,1-2,FC Barcelona,1-2,Gol de campo,Pie izquierdo,La Liga,10,77,
464,08-09-2015,Argentina,2-2,Mexico,2-2,Gol de campo,Pie izquierdo,Amistoso Internacional,10,88,
463,04-09-2015,Argentina,7-0,Bolivia,6-0,Gol de campo,Pie izquierdo,Amistoso Internacional,10,74,
462,04-09-2015,Argentina,7-0,Bolivia,5-0,Gol de campo,Cabeza,Amistoso Internacional,10,66,
461,17-08-2015,FC Barcelona,1-1,Athletic de Bilbao,1-0,Gol de campo,Pie izquierdo,SUPSpanish Super Cup,10,43,
460,11-08-2015,FC Barcelona,5-4,Sevilla,2-1,Tiro libre,Pie izquierdo,IUPUEFA European Super Cup,10,15,
459,11-08-2015,FC Barcelona,5-4,Sevilla,1-1,Tiro libre,Pie izquierdo,IUPUEFA European Super Cup,10,7,
458,13-06-2015,Argentina,2-2,Paraguay,2-0,Penal,Pie izquierdo,CPACopa América 2015,10,35,
457,30-05-2015,Athletic de Bilbao,1-3,FC Barcelona,0-3,,Pie izquierdo,Copa del Rey,10,74,
456,30-05-2015,Athletic de Bilbao,1-3,FC Barcelona,0-1,Solo run,Pie izquierdo,Copa del Rey,10,20,
455,23-05-2015,FC Barcelona,2-2,Deportivo La Coruña,2-0,,Pie derecho,La Liga,10,59,
454,23-05-2015,FC Barcelona,2-2,Deportivo La Coruña,1-0,,Cabeza,La Liga,10,5,
453,17-05-2015,Atlético Madrid,0-1,FC Barcelona,0-1,,Pie izquierdo,La Liga,10,65,
452,06-05-2015,FC Barcelona,3-0,Bayern München,2-0,,Pie derecho,UEFA Champions League,10,80,
451,06-05-2015,FC Barcelona,3-0,Bayern München,1-0,,Pie izquierdo,UEFA Champions League,10,77,
450,02-05-2015,Córdoba,0-8,FC Barcelona,0-6,Rebote,Pie izquierdo,La Liga,10,80,
449,02-05-2015,Córdoba,0-8,FC Barcelona,0-3,,Cabeza,La Liga,10,46,
448,28-04-2015,FC Barcelona,6-0,Getafe,6-0,Gol de campo,Pie izquierdo,La Liga,10,47,
447,28-04-2015,FC Barcelona,6-0,Getafe,1-0,Penal,Pie izquierdo,La Liga,10,9,
446,25-04-2015,Espanyol,0-2,FC Barcelona,0-2,,Pie izquierdo,La Liga,10,25,
445,18-04-2015,FC Barcelona,2-0,Valencia,2-0,Rebote,Pie izquierdo,La Liga,10,90+4,
444,11-04-2015,Sevilla,2-2,FC Barcelona,0-1,,Pie izquierdo,La Liga,10,14,
443,08-04-2015,FC Barcelona,4-0,UD Almería,1-0,Solo run,Pie izquierdo,La Liga,10,33,
442,14-03-2015,Eibar,0-2,FC Barcelona,0-2,,Cabeza,La Liga,10,55,
441,14-03-2015,Eibar,0-2,FC Barcelona,0-1,Penal,Pie izquierdo,La Liga,10,31,
440,08-03-2015,FC Barcelona,6-1,Rayo Vallecano,5-0,,Pie izquierdo,La Liga,10,68,
439,08-03-2015,FC Barcelona,6-1,Rayo Vallecano,4-0,Rebote,Pie izquierdo,La Liga,10,63,
438,08-03-2015,FC Barcelona,6-1,Rayo Vallecano,3-0,Penal,Pie izquierdo,La Liga,10,56,
437,28-02-2015,Granada,1-3,FC Barcelona,1-3,,Pie derecho,La Liga,10,70,
436,15-02-2015,FC Barcelona,5-0,Levante,4-0,Penal,Pie izquierdo,La Liga,10,65,
435,15-02-2015,FC Barcelona,5-0,Levante,3-0,Gol de campo,Pie derecho,La Liga,10,59,
434,15-02-2015,FC Barcelona,5-0,Levante,2-0,Gol de campo,Pie derecho,La Liga,10,38,
433,11-02-2015,FC Barcelona,3-1,Villarreal,1-0,,Pie izquierdo,Copa del Rey,10,41,
432,08-02-2015,Athletic de Bilbao,2-5,FC Barcelona,0-1,Tiro libre,Pie izquierdo,La Liga,10,15,
431,01-02-2015,FC Barcelona,3-2,Villarreal,3-2,Gol de campo,Pie derecho,La Liga,10,55,
430,24-01-2015,Elche,0-6,FC Barcelona,0-5,Gol de campo,Pie izquierdo,La Liga,10,88,
429,24-01-2015,Elche,0-6,FC Barcelona,0-2,Penal,Pie izquierdo,La Liga,10,55,
428,21-01-2015,FC Barcelona,1-0,Atlético Madrid,1-0,Rebote,Pie izquierdo,Copa del Rey,10,85,
427,18-01-2015,Deportivo La Coruña,0-4,FC Barcelona,0-3,Gol de campo,Pie izquierdo,La Liga,10,62,
426,18-01-2015,Deportivo La Coruña,0-4,FC Barcelona,0-2,Gol de campo,Pie izquierdo,La Liga,10,33,
425,18-01-2015,Deportivo La Coruña,0-4,FC Barcelona,0-1,Gol de campo,Cabeza,La Liga,10,10,
424,11-01-2015,FC Barcelona,3-1,Atlético Madrid,3-1,Gol de campo,Pie izquierdo,La Liga,10,87,
423,08-01-2015,FC Barcelona,5-0,Elche,3-0,Penal,Pie izquierdo,Copa del Rey,10,45,
422,20-12-2014,FC Barcelona,5-0,Córdoba,5-0,Gol de campo,Pie derecho,La Liga,10,90+1,
421,20-12-2014,FC Barcelona,5-0,Córdoba,4-0,Gol de campo,Pie derecho,La Liga,10,82,
420,10-12-2014,FC Barcelona,3-1,Paris Saint-Germain,1-1,,Pie derecho,UEFA Champions League,10,19,
419,07-12-2014,FC Barcelona,5-1,Espanyol,5-1,Gol de campo,Pie derecho,La Liga,10,81,
418,07-12-2014,FC Barcelona,5-1,Espanyol,2-1,Gol de campo,Pie derecho,La Liga,10,50,
417,07-12-2014,FC Barcelona,5-1,Espanyol,1-1,Gol de campo,Pie izquierdo,La Liga,10,45,
416,25-11-2014,APOEL FC,0-4,FC Barcelona,0-4,,Pie derecho,UEFA Champions League,10,87,
415,25-11-2014,APOEL FC,0-4,FC Barcelona,0-3,,Pie derecho,UEFA Champions League,10,58,
414,25-11-2014,APOEL FC,0-4,FC Barcelona,0-2,,Pie derecho,UEFA Champions League,10,38,
413,22-11-2014,FC Barcelona,5-1,Sevilla,5-1,Gol de campo,Pie izquierdo,La Liga,10,78,
412,22-11-2014,FC Barcelona,5-1,Sevilla,4-1,Gol de campo,Pie derecho,La Liga,10,72,
411,22-11-2014,FC Barcelona,5-1,Sevilla,1-0,Tiro libre,Pie izquierdo,La Liga,10,21,
410,12-11-2014,Argentina,2-1,Croatia,2-1,Penal,Pie izquierdo,Amistoso Internacional,10,57,
409,05-11-2014,Ajax,0-2,FC Barcelona,0-2,,Pie izquierdo,UEFA Champions League,10,76,
408,05-11-2014,Ajax,0-2,FC Barcelona,0-1,,Cabeza,UEFA Champions League,10,36,
407,21-10-2014,FC Barcelona,3-1,Ajax,2-0,,Pie izquierdo,UEFA Champions League,10,24,
406,18-10-2014,FC Barcelona,3-0,Eibar,3-0,Gol de campo,Pie izquierdo,La Liga,10,74,
405,14-10-2014,Hong Kong,0-7,Argentina,0-7,Solo run,Pie izquierdo,Amistoso Internacional,10,84,
404,14-10-2014,Hong Kong,0-7,Argentina,0-5,,Pie izquierdo,Amistoso Internacional,10,66,
403,04-10-2014,Rayo Vallecano,0-2,FC Barcelona,0-1,Gol de campo,Pie izquierdo,La Liga,10,35,
402,30-09-2014,Paris Saint-Germain,3-2,FC Barcelona,1-1,,Pie izquierdo,UEFA Champions League,10,11,
401,27-09-2014,FC Barcelona,6-0,Granada,6-0,Gol de campo,Pie derecho,La Liga,10,82,
400,27-09-2014,FC Barcelona,6-0,Granada,4-0,Gol de campo,Cabeza,La Liga,10,62,
399,21-09-2014,Levante,0-5,FC Barcelona,0-5,Gol de campo,Pie derecho,La Liga,10,77,
398,24-08-2014,FC Barcelona,3-0,Elche,3-0,Gol de campo,Pie izquierdo,La Liga,10,63,
397,24-08-2014,FC Barcelona,3-0,Elche,1-0,Gol de campo,Pie izquierdo,La Liga,10,42,
396,25-06-2014,Nigeria,2-3,Argentina,1-2,Tiro libre,Pie izquierdo,WCPWorld Cup 2014,10,45+1,
395,25-06-2014,Nigeria,2-3,Argentina,0-1,Rebote,Pie izquierdo,WCPWorld Cup 2014,10,3,
394,21-06-2014,Argentina,1-0,Iran,1-0,,Pie izquierdo,WCPWorld Cup 2014,10,90+1,
393,16-06-2014,Argentina,2-1,Bosnia-Herzegovina,2-0,Solo run,Pie izquierdo,WCPWorld Cup 2014,10,65,
392,07-06-2014,Argentina,2-0,Slovenia,2-0,Gol de campo,Pie izquierdo,Amistoso Internacional,10,75,
391,03-05-2014,FC Barcelona,2-2,Getafe,1-0,,Pie izquierdo,La Liga,10,23,
390,27-04-2014,Villarreal,2-3,FC Barcelona,2-3,,Pie derecho,La Liga,10,83,
389,20-04-2014,FC Barcelona,2-1,Athletic de Bilbao,2-1,Tiro libre,Pie izquierdo,La Liga,10,74,
388,05-04-2014,FC Barcelona,3-1,Real Betis,3-1,Rebote,Pie derecho,La Liga,10,86,
387,05-04-2014,FC Barcelona,3-1,Real Betis,1-0,Penal,Pie izquierdo,La Liga,10,15,
386,29-03-2014,Espanyol,0-1,FC Barcelona,0-1,Penal,Pie izquierdo,La Liga,10,77,
385,26-03-2014,FC Barcelona,3-0,Celta de Vigo,2-0,,Pie derecho,La Liga,10,30,
384,23-03-2014,Real Madrid,3-4,FC Barcelona,3-4,Penal,Pie izquierdo,La Liga,10,84,
383,23-03-2014,Real Madrid,3-4,FC Barcelona,3-3,Penal,Pie izquierdo,La Liga,10,65,
382,23-03-2014,Real Madrid,3-4,FC Barcelona,2-2,,Pie izquierdo,La Liga,10,42,
381,16-03-2014,FC Barcelona,7-0,Osasuna,6-0,,Pie derecho,La Liga,10,88,
380,16-03-2014,FC Barcelona,7-0,Osasuna,4-0,,Pie izquierdo,La Liga,10,63,
379,16-03-2014,FC Barcelona,7-0,Osasuna,1-0,,Pie izquierdo,La Liga,10,18,
378,12-03-2014,FC Barcelona,2-1,Manchester City,1-0,,Pie izquierdo,UEFA Champions League,10,67,
377,02-03-2014,FC Barcelona,4-1,UD Almería,2-0,Tiro libre,Pie izquierdo,La Liga,10,24,
376,22-02-2014,Real Sociedad,3-1,FC Barcelona,1-1,,Pie izquierdo,La Liga,10,36,
375,18-02-2014,Manchester City,0-2,FC Barcelona,0-1,Penal,Pie izquierdo,UEFA Champions League,10,54,
374,15-02-2014,FC Barcelona,6-0,Rayo Vallecano,5-0,,Pie izquierdo,La Liga,10,68,
373,15-02-2014,FC Barcelona,6-0,Rayo Vallecano,2-0,,Pie izquierdo,La Liga,10,36,
372,12-02-2014,Real Sociedad,1-1,FC Barcelona,0-1,Solo run,Pie izquierdo,Copa del Rey,10,27,
371,09-02-2014,Sevilla,1-4,FC Barcelona,1-3,Gol de campo,Pie izquierdo,La Liga,10,56,
370,09-02-2014,Sevilla,1-4,FC Barcelona,1-2,Gol de campo,Pie izquierdo,La Liga,10,44,
369,01-02-2014,FC Barcelona,2-3,Valencia,2-2,Penal,Pie izquierdo,La Liga,10,54,
368,16-01-2014,Getafe,0-2,FC Barcelona,0-2,Gol de campo,Pie izquierdo,Copa del Rey,10,63,
367,16-01-2014,Getafe,0-2,FC Barcelona,0-1,Gol de campo,Hip,Copa del Rey,10,44,
366,08-01-2014,FC Barcelona,4-0,Getafe,4-0,,Pie izquierdo,Copa del Rey,10,90+3,
365,08-01-2014,FC Barcelona,4-0,Getafe,3-0,,Pie izquierdo,Copa del Rey,10,90,
364,06-11-2013,FC Barcelona,3-1,AC Milan,3-1,,Pie izquierdo,UEFA Champions League,10,83,
363,06-11-2013,FC Barcelona,3-1,AC Milan,1-0,Penal,Pie izquierdo,UEFA Champions League,10,30,
362,22-10-2013,AC Milan,1-1,FC Barcelona,1-1,,Pie izquierdo,UEFA Champions League,10,23,
361,28-09-2013,UD Almería,0-2,FC Barcelona,0-1,,Pie izquierdo,La Liga,10,21,
360,24-09-2013,FC Barcelona,4-1,Real Sociedad,2-0,,Cabeza,La Liga,10,8,
359,18-09-2013,FC Barcelona,4-0,Ajax,4-0,,Pie izquierdo,UEFA Champions League,10,75,
358,18-09-2013,FC Barcelona,4-0,Ajax,2-0,,Pie izquierdo,UEFA Champions League,10,55,
357,18-09-2013,FC Barcelona,4-0,Ajax,1-0,Tiro libre,Pie izquierdo,UEFA Champions League,10,22,
356,14-09-2013,FC Barcelona,3-2,Sevilla,2-0,,Pie izquierdo,La Liga,10,75,
355,11-09-2013,Paraguay,2-5,Argentina,1-4,Penal,Pie izquierdo,WCQWorld Cup 2014 Qualification,10,52,
354,11-09-2013,Paraguay,2-5,Argentina,0-1,Penal,Pie izquierdo,WCQWorld Cup 2014 Qualification,10,12,
353,01-09-2013,Valencia,2-3,FC Barcelona,0-3,,Pie izquierdo,La Liga,10,41,
352,01-09-2013,Valencia,2-3,FC Barcelona,0-2,,Pie derecho,La Liga,10,39,
351,01-09-2013,Valencia,2-3,FC Barcelona,0-1,,Pie izquierdo,La Liga,10,11,
350,18-08-2013,FC Barcelona,7-0,Levante,5-0,Penal,Pie izquierdo,La Liga,10,42,
349,18-08-2013,FC Barcelona,7-0,Levante,2-0,,Pie izquierdo,La Liga,10,12,
348,15-06-2013,Guatemala,0-4,Argentina,0-4,Gol de campo,Pie izquierdo,Amistoso Internacional,10,49,
347,15-06-2013,Guatemala,0-4,Argentina,0-3,Penal,Pie izquierdo,Amistoso Internacional,10,40,
346,15-06-2013,Guatemala,0-4,Argentina,0-1,Gol de campo,Pie izquierdo,Amistoso Internacional,10,15,
345,05-05-2013,FC Barcelona,4-2,Real Betis,4-2,,Pie izquierdo,La Liga,10,71,
344,05-05-2013,FC Barcelona,4-2,Real Betis,3-2,Tiro libre,Pie izquierdo,La Liga,10,60,
343,27-04-2013,Athletic de Bilbao,2-2,FC Barcelona,1-1,Solo run,Pie izquierdo,La Liga,10,67,
342,02-04-2013,Paris Saint-Germain,2-2,FC Barcelona,0-1,,Pie izquierdo,UEFA Champions League,10,38,
341,30-03-2013,Celta de Vigo,2-2,FC Barcelona,1-2,,Pie izquierdo,La Liga,10,73,
340,23-03-2013,Argentina,3-0,Venezuela,2-0,Penal,Pie izquierdo,WCQWorld Cup 2014 Qualification,10,44,
339,17-03-2013,FC Barcelona,3-1,Rayo Vallecano,3-0,,Pie izquierdo,La Liga,10,57,
338,17-03-2013,FC Barcelona,3-1,Rayo Vallecano,2-0,,Pie izquierdo,La Liga,10,40,
337,12-03-2013,FC Barcelona,4-0,AC Milan,2-0,,Pie izquierdo,UEFA Champions League,10,39,
336,12-03-2013,FC Barcelona,4-0,AC Milan,1-0,,Pie izquierdo,UEFA Champions League,10,5,
335,09-03-2013,FC Barcelona,2-0,Deportivo La Coruña,2-0,,Pie izquierdo,La Liga,10,88,
334,02-03-2013,Real Madrid,2-1,FC Barcelona,1-1,,Pie izquierdo,La Liga,10,18,
333,23-02-2013,FC Barcelona,2-1,Sevilla,2-1,,Pie izquierdo,La Liga,10,60,
332,16-02-2013,Granada,1-2,FC Barcelona,1-2,Tiro libre,Pie izquierdo,La Liga,10,73,
331,16-02-2013,Granada,1-2,FC Barcelona,1-1,Rebote,Pie derecho,La Liga,10,50,
330,10-02-2013,FC Barcelona,6-1,Getafe,2-0,,Pie izquierdo,La Liga,10,13,
329,03-02-2013,Valencia,1-1,FC Barcelona,1-1,Penal,Pie izquierdo,La Liga,10,39,
328,27-01-2013,FC Barcelona,5-1,Osasuna,5-1,,Pie izquierdo,La Liga,10,58,
327,27-01-2013,FC Barcelona,5-1,Osasuna,4-1,,Pie izquierdo,La Liga,10,56,
326,27-01-2013,FC Barcelona,5-1,Osasuna,2-1,Penal,Pie izquierdo,La Liga,10,28,
325,27-01-2013,FC Barcelona,5-1,Osasuna,1-0,,Pie derecho,La Liga,10,11,
324,24-01-2013,Málaga,2-4,FC Barcelona,2-4,,Cabeza,Copa del Rey,10,80,
323,19-01-2013,Real Sociedad,3-2,FC Barcelona,0-1,,Pie izquierdo,La Liga,10,7,
322,16-01-2013,FC Barcelona,2-2,Málaga,1-1,,Pie izquierdo,Copa del Rey,10,29,
321,13-01-2013,Málaga,1-3,FC Barcelona,0-1,,Pie derecho,La Liga,10,27,
320,06-01-2013,FC Barcelona,4-0,Espanyol,4-0,Penal,Pie izquierdo,La Liga,10,29,
319,22-12-2012,Real Valladolid,1-3,FC Barcelona,0-2,,Pie izquierdo,La Liga,10,59,
318,16-12-2012,FC Barcelona,4-1,Atlético Madrid,4-1,,Pie izquierdo,La Liga,10,88,
317,16-12-2012,FC Barcelona,4-1,Atlético Madrid,3-1,,Pie izquierdo,La Liga,10,57,
316,12-12-2012,Córdoba,0-2,FC Barcelona,0-2,,Pie izquierdo,Copa del Rey,10,74,
315,12-12-2012,Córdoba,0-2,FC Barcelona,0-1,,Pie izquierdo,Copa del Rey,10,11,
314,09-12-2012,Real Betis,1-2,FC Barcelona,0-2,,Pie izquierdo,La Liga,10,25,
313,09-12-2012,Real Betis,1-2,FC Barcelona,0-1,,Pie izquierdo,La Liga,10,16,
312,01-12-2012,FC Barcelona,5-1,Athletic de Bilbao,5-1,,Pie derecho,La Liga,10,70,
311,01-12-2012,FC Barcelona,5-1,Athletic de Bilbao,2-0,,Pie izquierdo,La Liga,10,25,
310,25-11-2012,Levante,0-4,FC Barcelona,0-2,,Pie izquierdo,La Liga,10,52,
309,25-11-2012,Levante,0-4,FC Barcelona,0-1,,Pie izquierdo,La Liga,10,47,
308,20-11-2012,Spartak Moscow,0-3,FC Barcelona,0-3,,Pie izquierdo,UEFA Champions League,10,39,
307,20-11-2012,Spartak Moscow,0-3,FC Barcelona,0-2,Rebote,Pie derecho,UEFA Champions League,10,27,
306,17-11-2012,FC Barcelona,3-1,Real Zaragoza,3-1,,Pie izquierdo,La Liga,10,60,
305,17-11-2012,FC Barcelona,3-1,Real Zaragoza,1-0,,Pie izquierdo,La Liga,10,16,
304,11-11-2012,Real Mallorca,2-4,FC Barcelona,2-4,,Pie izquierdo,La Liga,10,70,
303,11-11-2012,Real Mallorca,2-4,FC Barcelona,0-2,,Pie izquierdo,La Liga,10,44,
302,07-11-2012,Celtic,2-1,FC Barcelona,2-1,Rebote,Pie izquierdo,UEFA Champions League,10,90+1,
301,27-10-2012,Rayo Vallecano,0-5,FC Barcelona,0-5,,Pie derecho,La Liga,10,89,
300,27-10-2012,Rayo Vallecano,0-5,FC Barcelona,0-2,,Pie izquierdo,La Liga,10,48,
299,20-10-2012,Deportivo La Coruña,4-5,FC Barcelona,3-5,,Pie izquierdo,La Liga,10,77,
298,20-10-2012,Deportivo La Coruña,4-5,FC Barcelona,2-4,,Pie derecho,La Liga,10,43,
297,20-10-2012,Deportivo La Coruña,4-5,FC Barcelona,0-3,,Pie izquierdo,La Liga,10,18,
296,17-10-2012,Chile,1-2,Argentina,0-1,,Pie izquierdo,WCQWorld Cup 2014 Qualification,10,28,
295,13-10-2012,Argentina,3-0,Uruguay,3-0,Tiro libre,Pie izquierdo,WCQWorld Cup 2014 Qualification,10,80,
294,13-10-2012,Argentina,3-0,Uruguay,1-0,,Pie derecho,WCQWorld Cup 2014 Qualification,10,65,
293,07-10-2012,FC Barcelona,2-2,Real Madrid,2-1,Tiro libre,Pie izquierdo,La Liga,10,61,
292,07-10-2012,FC Barcelona,2-2,Real Madrid,1-1,,Pie izquierdo,La Liga,10,31,
291,19-09-2012,FC Barcelona,3-2,Spartak Moscow,3-2,,Cabeza,UEFA Champions League,10,80,
290,19-09-2012,FC Barcelona,3-2,Spartak Moscow,2-2,,Pie izquierdo,UEFA Champions League,10,71,
289,15-09-2012,Getafe,1-4,FC Barcelona,0-3,,Pie izquierdo,La Liga,10,78,
288,15-09-2012,Getafe,1-4,FC Barcelona,0-2,Penal,Pie izquierdo,La Liga,10,74,
287,08-09-2012,Argentina,3-1,Paraguay,3-1,Tiro libre,Pie izquierdo,WCQWorld Cup 2014 Qualification,10,63,
286,29-08-2012,Real Madrid,2-1,FC Barcelona,2-1,Tiro libre,Pie izquierdo,SUPSpanish Super Cup,10,45,
285,26-08-2012,Osasuna,1-2,FC Barcelona,1-2,,Pie izquierdo,La Liga,10,80,
284,26-08-2012,Osasuna,1-2,FC Barcelona,1-1,,Pie izquierdo,La Liga,10,76,
283,23-08-2012,FC Barcelona,3-2,Real Madrid,2-1,Penal,Pie izquierdo,SUPSpanish Super Cup,10,70,
282,19-08-2012,FC Barcelona,5-1,Real Sociedad,3-1,,Pie izquierdo,La Liga,10,16,
281,19-08-2012,FC Barcelona,5-1,Real Sociedad,2-1,,Pie izquierdo,La Liga,10,11,
280,15-08-2012,Germany,1-3,Argentina,0-2,,Pie izquierdo,Amistoso Internacional,10,52,
279,09-06-2012,Argentina,4-3,Brazil,4-3,Solo run,Pie izquierdo,Amistoso Internacional,10,85,
278,09-06-2012,Argentina,4-3,Brazil,2-1,,Pie izquierdo,Amistoso Internacional,10,35,
277,09-06-2012,Argentina,4-3,Brazil,1-1,,Pie izquierdo,Amistoso Internacional,10,31,
276,03-06-2012,Argentina,4-0,Ecuador,3-0,Gol de campo,Pie izquierdo,WCQWorld Cup 2014 Qualification,10,31,
275,25-05-2012,Athletic de Bilbao,0-3,FC Barcelona,0-2,,Pie derecho,Copa del Rey,10,20,
274,05-05-2012,FC Barcelona,4-0,Espanyol,4-0,Penal,Pie izquierdo,La Liga,10,79,
273,05-05-2012,FC Barcelona,4-0,Espanyol,3-0,,Pie izquierdo,La Liga,10,74,
272,05-05-2012,FC Barcelona,4-0,Espanyol,2-0,Penal,Pie izquierdo,La Liga,10,64,
271,05-05-2012,FC Barcelona,4-0,Espanyol,1-0,Tiro libre,Pie izquierdo,La Liga,10,12,
270,02-05-2012,FC Barcelona,4-1,Málaga,4-1,,Pie izquierdo,La Liga,10,64,
269,02-05-2012,FC Barcelona,4-1,Málaga,3-1,Penal,Pie izquierdo,La Liga,10,59,
268,02-05-2012,FC Barcelona,4-1,Málaga,2-1,Penal,Pie izquierdo,La Liga,10,35,
267,29-04-2012,Rayo Vallecano,0-7,FC Barcelona,0-7,,Pie izquierdo,La Liga,10,90,
266,29-04-2012,Rayo Vallecano,0-7,FC Barcelona,0-1,,Pie izquierdo,La Liga,10,16,
265,14-04-2012,Levante,1-2,FC Barcelona,1-2,Penal,Pie izquierdo,La Liga,10,72,
264,14-04-2012,Levante,1-2,FC Barcelona,1-1,Gol de campo,Pie izquierdo,La Liga,10,64,
263,10-04-2012,FC Barcelona,4-0,Getafe,2-0,,Pie izquierdo,La Liga,10,44,
262,07-04-2012,Real Zaragoza,1-4,FC Barcelona,1-3,Penal,Pie izquierdo,La Liga,10,86,
261,07-04-2012,Real Zaragoza,1-4,FC Barcelona,1-2,,Pie izquierdo,La Liga,10,39,
260,03-04-2012,FC Barcelona,3-1,AC Milan,2-1,Penal,Pie izquierdo,UEFA Champions League,10,41,
259,03-04-2012,FC Barcelona,3-1,AC Milan,1-0,Penal,Pie izquierdo,UEFA Champions League,10,11,
258,31-03-2012,FC Barcelona,2-0,Athletic de Bilbao,2-0,Penal,Pie izquierdo,La Liga,10,58,
257,24-03-2012,Real Mallorca,0-2,FC Barcelona,0-1,Tiro libre,Pie izquierdo,La Liga,10,25,
256,20-03-2012,FC Barcelona,5-3,Granada,5-2,Gol de campo,Pie izquierdo,La Liga,10,86,
255,20-03-2012,FC Barcelona,5-3,Granada,3-2,Gol de campo,Pie izquierdo,La Liga,10,67,
254,20-03-2012,FC Barcelona,5-3,Granada,2-0,Gol de campo,Pie izquierdo,La Liga,10,17,
253,17-03-2012,Sevilla,0-2,FC Barcelona,0-2,,Pie izquierdo,La Liga,10,25,
252,11-03-2012,Racing Santander,0-2,FC Barcelona,0-2,Penal,Pie izquierdo,La Liga,10,56,
251,11-03-2012,Racing Santander,0-2,FC Barcelona,0-1,,Pie izquierdo,La Liga,10,29,
250,07-03-2012,FC Barcelona,7-1,Bayer Leverkusen,7-0,,Pie izquierdo,UEFA Champions League,10,84,
249,07-03-2012,FC Barcelona,7-1,Bayer Leverkusen,5-0,Rebote,Pie izquierdo,UEFA Champions League,10,58,
248,07-03-2012,FC Barcelona,7-1,Bayer Leverkusen,3-0,,Pie derecho,UEFA Champions League,10,49,
247,07-03-2012,FC Barcelona,7-1,Bayer Leverkusen,2-0,,Pie izquierdo,UEFA Champions League,10,42,
246,07-03-2012,FC Barcelona,7-1,Bayer Leverkusen,1-0,,Pie izquierdo,UEFA Champions League,10,25,
245,29-02-2012,Switzerland,1-3,Argentina,1-3,Penal,Pie izquierdo,Amistoso Internacional,10,90+3,
244,29-02-2012,Switzerland,1-3,Argentina,1-2,,Pie izquierdo,Amistoso Internacional,10,88,
243,29-02-2012,Switzerland,1-3,Argentina,0-1,,Pie izquierdo,Amistoso Internacional,10,20,
242,26-02-2012,Atlético Madrid,1-2,FC Barcelona,1-2,Tiro libre,Pie izquierdo,La Liga,10,81,
241,19-02-2012,FC Barcelona,5-1,Valencia,4-1,,Pie izquierdo,La Liga,10,85,
240,19-02-2012,FC Barcelona,5-1,Valencia,3-1,Rebote,Pie izquierdo,La Liga,10,76,
239,19-02-2012,FC Barcelona,5-1,Valencia,2-1,Rebote,Pie izquierdo,La Liga,10,27,
238,19-02-2012,FC Barcelona,5-1,Valencia,1-1,,Pie izquierdo,La Liga,10,22,
237,14-02-2012,Bayer Leverkusen,1-3,FC Barcelona,1-3,Gol de campo,Pie izquierdo,UEFA Champions League,10,88,
236,04-02-2012,FC Barcelona,2-1,Real Sociedad,2-0,,Pie izquierdo,La Liga,10,72,
235,22-01-2012,Málaga,1-4,FC Barcelona,0-4,,Pie izquierdo,La Liga,10,81,
234,22-01-2012,Málaga,1-4,FC Barcelona,0-3,,Pie izquierdo,La Liga,10,51,
233,22-01-2012,Málaga,1-4,FC Barcelona,0-1,,Cabeza,La Liga,10,33,
232,15-01-2012,FC Barcelona,4-2,Real Betis,4-2,Penal,Pie izquierdo,La Liga,10,86,
231,15-01-2012,FC Barcelona,4-2,Real Betis,2-0,,Pie izquierdo,La Liga,10,12,
230,04-01-2012,FC Barcelona,4-0,Osasuna,4-0,,Pie izquierdo,Copa del Rey,10,90+2,
229,04-01-2012,FC Barcelona,4-0,Osasuna,3-0,,Cabeza,Copa del Rey,10,73,
228,18-12-2011,Santos,0-4,FC Barcelona,0-4,,Pie izquierdo,WCTFIFA Club World Cup,10,82,
227,18-12-2011,Santos,0-4,FC Barcelona,0-1,,Pie izquierdo,WCTFIFA Club World Cup,10,17,
226,03-12-2011,FC Barcelona,5-0,Levante,4-0,,Pie izquierdo,La Liga,10,55,
225,29-11-2011,FC Barcelona,4-0,Rayo Vallecano,4-0,,Pie izquierdo,La Liga,10,50,
224,23-11-2011,AC Milan,2-3,FC Barcelona,1-2,Penal,Pie izquierdo,UEFA Champions League,10,31,https://www.youtube.com/watch?v=vzoSBQrCE_4&pp=ygUbbWVzc2kgZ29hbCB2cyBhYyBtaWxhbiAyMDEx
223,19-11-2011,FC Barcelona,4-0,Real Zaragoza,2-0,,Pie derecho,La Liga,10,43,https://www.youtube.com/watch?v=mH2Kuf29ooY
222,15-11-2011,Colombia,1-2,Argentina,1-1,Rebote,Pie izquierdo,WCQWorld Cup 2014 Qualification,10,60,https://www.youtube.com/watch?v=iki9AOKBk_Q&pp=ygUbbWVzc2kgZ29hbCB2cyBjb2xvbWJpYSAyMDEx
221,06-11-2011,Athletic de Bilbao,2-2,FC Barcelona,2-2,Rebote,Pie izquierdo,La Liga,10,90+1,https://www.youtube.com/watch?v=lgf-77B5eJk&pp=ygUlbWVzc2kgZ29hbCB2cyBhdGxldGljbyBkZSBiaWxiYW8gMjAxMQ%3D%3D
220,01-11-2011,Viktoria Plzen,0-4,FC Barcelona,0-4,,Pie izquierdo,UEFA Champions League,10,90+2,https://www.youtube.com/watch?v=NtCcCnfC6nc&pp=ygUhbWVzc2kgZ29hbCB2cyB2aWt0b3JpYSBwbHplbiAyMDEx
219,01-11-2011,Viktoria Plzen,0-4,FC Barcelona,0-2,,Pie izquierdo,UEFA Champions League,10,45,https://www.youtube.com/watch?v=NtCcCnfC6nc&pp=ygUhbWVzc2kgZ29hbCB2cyB2aWt0b3JpYSBwbHplbiAyMDEx
218,01-11-2011,Viktoria Plzen,0-4,FC Barcelona,0-1,Penal,Pie izquierdo,UEFA Champions League,10,24,https://www.youtube.com/watch?v=NtCcCnfC6nc&pp=ygUhbWVzc2kgZ29hbCB2cyB2aWt0b3JpYSBwbHplbiAyMDEx
217,29-10-2011,FC Barcelona,5-0,Real Mallorca,3-0,,Pie izquierdo,La Liga,10,30,https://www.youtube.com/watch?v=tH-NPDBrg9A&pp=ygUbbWVzc2kgZ29hbCB2cyBtYWxsb3JjYSAyMDEx
216,29-10-2011,FC Barcelona,5-0,Real Mallorca,2-0,,Pie derecho,La Liga,10,21,https://www.youtube.com/watch?v=W-z0ZIQPlWk&pp=ygUbbWVzc2kgZ29hbCB2cyBtYWxsb3JjYSAyMDEx
215,29-10-2011,FC Barcelona,5-0,Real Mallorca,1-0,Penal,Pie izquierdo,La Liga,10,13,https://www.youtube.com/watch?v=hXUzX1CNer4
214,15-10-2011,FC Barcelona,3-0,Racing Santander,3-0,,Pie derecho,La Liga,10,68,https://www.youtube.com/watch?v=H6SzNwYdU7E
213,15-10-2011,FC Barcelona,3-0,Racing Santander,1-0,,Pie derecho,La Liga,10,11,https://www.youtube.com/watch?v=loP94J1TXRs&pp=ygUjbWVzc2kgZ29hbCB2cyByYWNpbmcgc2FudGFuZGVyIDIwMTE%3D
212,08-10-2011,Argentina,4-1,Chile,2-0,Gol de campo,Pie izquierdo,WCQWorld Cup 2014 Qualification,10,26,https://www.youtube.com/watch?v=nSijR9QzQFw
211,28-09-2011,BATE Borisov,0-5,FC Barcelona,0-4,,Pie izquierdo,UEFA Champions League,10,55,https://www.youtube.com/watch?v=RgxW9mo3ZRY
210,28-09-2011,BATE Borisov,0-5,FC Barcelona,0-3,,Cabeza,UEFA Champions League,10,38,https://www.youtube.com/watch?v=RgxW9mo3ZRY
209,24-09-2011,FC Barcelona,5-0,Atlético Madrid,5-0,,Pie izquierdo,La Liga,10,90+1,https://www.youtube.com/watch?v=kMhYVtVNa44
208,24-09-2011,FC Barcelona,5-0,Atlético Madrid,4-0,,Pie izquierdo,La Liga,10,78,https://www.youtube.com/watch?v=y-OhEXQDY1A&pp=ygUibWVzc2kgZ29hbCB2cyBhdGxldGljbyBtYWRyaWQgMjAxMQ%3D%3D
207,24-09-2011,FC Barcelona,5-0,Atlético Madrid,3-0,,Pie izquierdo,La Liga,10,26,https://www.youtube.com/watch?v=OWVHrbxIUAA&pp=ygUibWVzc2kgZ29hbCB2cyBhdGxldGljbyBtYWRyaWQgMjAxMQ%3D%3D
206,17-09-2011,FC Barcelona,8-0,Osasuna,8-0,,Pie izquierdo,La Liga,10,79,https://www.youtube.com/watch?v=7tamXd4U1bI&pp=0gcJCZEKAYcqIYzv
205,17-09-2011,FC Barcelona,8-0,Osasuna,5-0,,Pie izquierdo,La Liga,10,41,https://www.youtube.com/watch?v=kcbg6DwYJTo
204,17-09-2011,FC Barcelona,8-0,Osasuna,1-0,,Pie izquierdo,La Liga,10,5,https://www.youtube.com/watch?v=gH4qIIMuG-E
203,29-08-2011,FC Barcelona,5-0,Villarreal,5-0,,Pie izquierdo,La Liga,10,75,https://www.youtube.com/watch?v=uGkv3WE2Y64
202,29-08-2011,FC Barcelona,5-0,Villarreal,4-0,,Pie derecho,La Liga,10,52,https://www.youtube.com/watch?v=Vuf5phdU6qo
201,26-08-2011,FC Barcelona,2-0,FC Porto,1-0,,Pie izquierdo,IUPUEFA European Super Cup,10,39,https://www.youtube.com/watch?v=oCSamUxhKCY
200,17-08-2011,FC Barcelona,3-2,Real Madrid,3-2,Gol de campo,Pie izquierdo,SUPSpanish Super Cup,10,87,https://www.youtube.com/watch?v=Ib3MyrUxG2U
199,17-08-2011,FC Barcelona,3-2,Real Madrid,2-1,Gol de campo,Pie derecho,SUPSpanish Super Cup,10,45,https://www.youtube.com/watch?v=5m8rkx4BB38&pp=0gcJCZEKAYcqIYzv
198,14-08-2011,Real Madrid,2-2,FC Barcelona,1-2,,Pie izquierdo,SUPSpanish Super Cup,10,45,https://www.youtube.com/watch?v=pvU0lhxdzG8
197,20-06-2011,Argentina,4-0,Albania,2-0,Gol de campo,Pie izquierdo,Amistoso Internacional,10,42,https://www.youtube.com/watch?v=2jQu4rtLT6I
196,28-05-2011,FC Barcelona,3-1,Manchester United,2-1,,Pie izquierdo,UEFA Champions League,10,54,https://www.youtube.com/watch?v=cwRhDi8bKEg
195,27-04-2011,Real Madrid,0-2,FC Barcelona,0-2,Solo run,Pie derecho,UEFA Champions League,10,87,https://www.youtube.com/watch?v=_-NP9F9LFEY
194,27-04-2011,Real Madrid,0-2,FC Barcelona,0-1,Gol de campo,Pie izquierdo,UEFA Champions League,10,76,https://www.youtube.com/watch?v=MHTh9lkhPjk
193,23-04-2011,FC Barcelona,2-0,Osasuna,2-0,,Pie derecho,La Liga,10,87,https://www.youtube.com/watch?v=n5iOD3kz5iw
192,16-04-2011,Real Madrid,1-1,FC Barcelona,0-1,Penal,Pie izquierdo,La Liga,10,53,https://www.youtube.com/watch?v=INSzVWnSg8M
191,12-04-2011,Shakhtar Donetsk,0-1,FC Barcelona,0-1,,Pie izquierdo,UEFA Champions League,10,43,https://www.youtube.com/watch?v=rJvncVccSuM
190,09-04-2011,FC Barcelona,3-1,UD Almería,3-1,,Pie izquierdo,La Liga,10,90+2,https://www.youtube.com/watch?v=c-hSPQGJX9U
189,09-04-2011,FC Barcelona,3-1,UD Almería,1-1,Penal,Pie izquierdo,La Liga,10,53,https://www.youtube.com/watch?v=y7nAN79hop4
188,08-03-2011,FC Barcelona,3-1,Arsenal,3-1,Penal,Pie izquierdo,UEFA Champions League,10,71,https://www.youtube.com/watch?v=Nht5yRESViQ
187,08-03-2011,FC Barcelona,3-1,Arsenal,1-0,Gol de campo,Pie izquierdo,UEFA Champions League,10,45+3,https://www.youtube.com/watch?v=nNvaHaYLwfg
186,02-03-2011,Valencia,0-1,FC Barcelona,0-1,,Pie izquierdo,La Liga,10,77,https://www.youtube.com/watch?v=mFraHKwG-Qo
185,26-02-2011,Real Mallorca,0-3,FC Barcelona,0-1,,Cabeza,La Liga,10,38,https://www.youtube.com/watch?v=BKzYtF731pI
184,20-02-2011,FC Barcelona,2-1,Athletic de Bilbao,2-1,,Pie derecho,La Liga,10,78,https://www.youtube.com/watch?v=IGSdoifMyi8
183,09-02-2011,Argentina,2-1,Portugal,2-1,Penal,Pie izquierdo,Amistoso Internacional,10,90,https://www.youtube.com/watch?v=8crUmVM9C5E&pp=0gcJCZEKAYcqIYzv
182,05-02-2011,FC Barcelona,3-0,Atlético Madrid,3-0,Rebote,Pie izquierdo,La Liga,10,79,https://www.youtube.com/watch?v=qlpXIZxBKNU
181,05-02-2011,FC Barcelona,3-0,Atlético Madrid,2-0,,Pie izquierdo,La Liga,10,28,https://www.youtube.com/watch?v=ssx-Ekzz9hk
180,05-02-2011,FC Barcelona,3-0,Atlético Madrid,1-0,,Pie izquierdo,La Liga,10,17,https://www.youtube.com/watch?v=G7dHgbf4bDY
179,29-01-2011,Hercules Alicante,0-3,FC Barcelona,0-3,,Pie izquierdo,La Liga,10,89,https://www.youtube.com/watch?v=egJAHY_AhTg
178,29-01-2011,Hercules Alicante,0-3,FC Barcelona,0-2,,Pie izquierdo,La Liga,10,87,https://www.youtube.com/watch?v=vN_Bkcspi74
177,26-01-2011,FC Barcelona,5-0,UD Almería,3-0,,Pie izquierdo,Copa del Rey,10,16,https://www.youtube.com/watch?v=trwDFrEPN0s&pp=0gcJCZEKAYcqIYzv
176,26-01-2011,FC Barcelona,5-0,UD Almería,1-0,,Pie izquierdo,Copa del Rey,10,9,https://www.youtube.com/watch?v=Be7Bhj5dN-g
175,22-01-2011,FC Barcelona,3-0,Racing Santander,2-0,Penal,Pie izquierdo,La Liga,10,33,https://www.youtube.com/watch?v=zvlqeSmx2rM
174,19-01-2011,Real Betis,3-1,FC Barcelona,2-1,,Pie izquierdo,Copa del Rey,10,38,https://www.youtube.com/watch?v=Prfh6-a1c2w
173,12-01-2011,FC Barcelona,5-0,Real Betis,3-0,,Pie izquierdo,Copa del Rey,10,73,https://www.youtube.com/watch?v=g8FLc9OczSI
172,12-01-2011,FC Barcelona,5-0,Real Betis,2-0,Rebote,Pie izquierdo,Copa del Rey,10,62,https://www.youtube.com/watch?v=-8XTM2fWrbU
171,12-01-2011,FC Barcelona,5-0,Real Betis,1-0,,Pie izquierdo,Copa del Rey,10,44,https://www.youtube.com/watch?v=o_Ir03dG-mk
170,08-01-2011,Deportivo La Coruña,0-4,FC Barcelona,0-2,Tiro libre,Pie izquierdo,La Liga,10,52,https://www.youtube.com/watch?v=o_Ir03dG-mk
169,12-12-2010,FC Barcelona,5-0,Real Sociedad,4-0,Solo run,Pie izquierdo,La Liga,10,87,https://www.youtube.com/watch?v=l14MRa8jUdI
168,12-12-2010,FC Barcelona,5-0,Real Sociedad,3-0,,Pie izquierdo,La Liga,10,47,https://www.youtube.com/watch?v=Jo_mOYJ7B9Y
167,04-12-2010,Osasuna,0-3,FC Barcelona,0-3,Penal,Pie izquierdo,La Liga,10,83,https://www.youtube.com/watch?v=eKTuBHCuccY
166,04-12-2010,Osasuna,0-3,FC Barcelona,0-2,,Pie izquierdo,La Liga,10,65,https://www.youtube.com/watch?v=u1sjAGoKsVM
165,24-11-2010,Panathinaikos,0-3,FC Barcelona,0-2,,Pie izquierdo,UEFA Champions League,10,62,https://www.youtube.com/watch?v=i6yrRJaQERk&pp=0gcJCZEKAYcqIYzv
164,20-11-2010,UD Almería,0-8,FC Barcelona,0-7,Rebote,Pie izquierdo,La Liga,10,67,https://www.youtube.com/watch?v=HDK2Ko3Lpzg
163,20-11-2010,UD Almería,0-8,FC Barcelona,0-5,Rebote,Pie izquierdo,La Liga,10,37,https://www.youtube.com/watch?v=bzPpZWgPFrI&pp=0gcJCZEKAYcqIYzv
162,20-11-2010,UD Almería,0-8,FC Barcelona,0-1,Gol de campo,Pie izquierdo,La Liga,10,17,https://www.youtube.com/watch?v=9RnCI4t11VA
161,17-11-2010,Argentina,1-0,Brazil,1-0,Solo run,Pie izquierdo,Amistoso Internacional,10,90+2,https://www.youtube.com/watch?v=-MCuYx0NTx0
160,13-11-2010,FC Barcelona,3-1,Villarreal,3-1,,Pie izquierdo,La Liga,10,83,https://www.youtube.com/watch?v=iNODiOkgcHE
159,13-11-2010,FC Barcelona,3-1,Villarreal,2-1,,Pie derecho,La Liga,10,58,https://www.youtube.com/watch?v=8CMUoxjBD3s
158,10-11-2010,FC Barcelona,5-1,AD Ceuta,5-1,,Pie izquierdo,Copa del Rey,10,68,https://www.youtube.com/watch?v=MMucV5l89xY
157,07-11-2010,Getafe,1-3,FC Barcelona,0-1,,Pie izquierdo,La Liga,10,23,https://www.youtube.com/watch?v=ixiASnTIQvA
156,02-11-2010,FC Copenhagen,1-1,FC Barcelona,0-1,,Pie derecho,UEFA Champions League,10,31,https://www.youtube.com/watch?v=TBe3rHwQj9c&pp=0gcJCZEKAYcqIYzv
155,30-10-2010,FC Barcelona,5-0,Sevilla,4-0,Solo run,Pie izquierdo,La Liga,10,64,https://www.youtube.com/watch?v=NfLXYYj5R9M
154,30-10-2010,FC Barcelona,5-0,Sevilla,1-0,Rebote,Pie izquierdo,La Liga,10,4,https://www.youtube.com/watch?v=4oXU2pKD6t8
153,23-10-2010,Real Zaragoza,0-2,FC Barcelona,0-2,,Pie izquierdo,La Liga,10,66,https://www.youtube.com/watch?v=PfaC-qT2jiM
152,23-10-2010,Real Zaragoza,0-2,FC Barcelona,0-1,,Pie izquierdo,La Liga,10,42,https://www.youtube.com/watch?v=6j4QmvepBoM
151,20-10-2010,FC Barcelona,2-0,FC Copenhagen,2-0,,Pie izquierdo,UEFA Champions League,10,90+2,https://www.youtube.com/watch?v=gcjoPkTeh7w
150,20-10-2010,FC Barcelona,2-0,FC Copenhagen,1-0,,Pie izquierdo,UEFA Champions League,10,19,https://www.youtube.com/watch?v=0FE--OE3mTE&pp=0gcJCZEKAYcqIYzv
149,03-10-2010,FC Barcelona,1-1,Real Mallorca,1-0,,Pie izquierdo,La Liga,10,21,https://www.youtube.com/watch?v=VIp2xlbuP6g
148,19-09-2010,Atlético Madrid,1-2,FC Barcelona,0-1,,Pie izquierdo,La Liga,10,13,https://www.youtube.com/watch?v=-UQJR8S2_7E
147,14-09-2010,FC Barcelona,5-1,Panathinaikos,3-1,Gol de campo,Pie izquierdo,UEFA Champions League,10,45,https://www.youtube.com/watch?v=Hxg_mwd6aKs
146,14-09-2010,FC Barcelona,5-1,Panathinaikos,1-1,Gol de campo,Pie izquierdo,UEFA Champions League,10,22,https://www.youtube.com/watch?v=DiC0RQAvk_8
145,07-09-2010,Argentina,4-1,Spain,1-0,Gol de campo,Pie izquierdo,Amistoso Internacional,10,10,https://www.youtube.com/watch?v=wPTsTWN078k
144,29-08-2010,Racing Santander,0-3,FC Barcelona,0-1,,Pie derecho,La Liga,10,3,https://www.youtube.com/watch?v=5rbQ6tppvdk
143,21-08-2010,FC Barcelona,4-0,Sevilla,4-0,,Pie izquierdo,SUPSpanish Super Cup,10,90,https://www.youtube.com/watch?v=eXKe30lEAxc
142,21-08-2010,FC Barcelona,4-0,Sevilla,3-0,,Pie derecho,SUPSpanish Super Cup,10,43,https://www.youtube.com/watch?v=Xn5d_l_PRMo
141,21-08-2010,FC Barcelona,4-0,Sevilla,2-0,,Pie izquierdo,SUPSpanish Super Cup,10,24,https://www.youtube.com/watch?v=dwsa8YktuqQ
140,16-05-2010,FC Barcelona,4-0,Real Valladolid,4-0,,Pie izquierdo,La Liga,10,76,https://www.youtube.com/watch?v=9u3gAe3KK5Q
139,16-05-2010,FC Barcelona,4-0,Real Valladolid,3-0,,Pie derecho,La Liga,10,62,https://www.youtube.com/watch?v=80roljJ-hs8
138,08-05-2010,Sevilla,2-3,FC Barcelona,0-1,,Pie izquierdo,La Liga,10,5,https://www.youtube.com/watch?v=THnk6O92YYg
137,04-05-2010,FC Barcelona,4-1,Tenerife,4-1,,Pie derecho,La Liga,10,90+3,https://www.youtube.com/watch?v=-ZyiILfohsQ
136,04-05-2010,FC Barcelona,4-1,Tenerife,1-0,,Pie derecho,La Liga,10,17,https://www.youtube.com/watch?v=Zj5Xk09uLDI&pp=0gcJCZEKAYcqIYzv
135,01-05-2010,Villarreal,1-4,FC Barcelona,1-4,,Pie izquierdo,La Liga,10,88,https://www.youtube.com/watch?v=eU9o3tqL2mI
134,01-05-2010,Villarreal,1-4,FC Barcelona,0-1,,Pie izquierdo,La Liga,10,19,https://www.youtube.com/watch?v=jf4xpKFuVY8
133,10-04-2010,Real Madrid,0-2,FC Barcelona,0-1,,Pie derecho,La Liga,10,33,https://www.youtube.com/watch?v=Gr_LnwVC5LA
132,06-04-2010,FC Barcelona,4-1,Arsenal,4-1,Rebote,Pie izquierdo,UEFA Champions League,10,88,https://www.youtube.com/watch?v=_uBu7lOuD5g&pp=0gcJCZEKAYcqIYzv
131,06-04-2010,FC Barcelona,4-1,Arsenal,3-1,,Pie izquierdo,UEFA Champions League,10,42,https://www.youtube.com/watch?v=YVqewztNVKA
130,06-04-2010,FC Barcelona,4-1,Arsenal,2-1,,Pie derecho,UEFA Champions League,10,37,https://www.youtube.com/watch?v=WVcPecYrN2Y
129,06-04-2010,FC Barcelona,4-1,Arsenal,1-1,,Pie izquierdo,UEFA Champions League,10,21,https://www.youtube.com/watch?v=S-X20zs5Ufk
128,03-04-2010,FC Barcelona,4-1,Athletic de Bilbao,4-0,,Pie izquierdo,La Liga,10,67,https://www.youtube.com/watch?v=l-8xNOGd0jo
127,21-03-2010,Real Zaragoza,2-4,FC Barcelona,0-3,,Pie izquierdo,La Liga,10,78,https://www.youtube.com/watch?v=X7LSNkwXlKk
126,21-03-2010,Real Zaragoza,2-4,FC Barcelona,0-2,Solo run,Pie izquierdo,La Liga,10,66,https://www.youtube.com/watch?v=h098qMRXROc
125,21-03-2010,Real Zaragoza,2-4,FC Barcelona,0-1,,Cabeza,La Liga,10,5,https://www.youtube.com/watch?v=3qyEI3vFLBI
124,17-03-2010,FC Barcelona,4-0,VfB Stuttgart,3-0,,Pie izquierdo,UEFA Champions League,10,60,https://www.youtube.com/watch?v=E1Atsv0bUJk
123,17-03-2010,FC Barcelona,4-0,VfB Stuttgart,1-0,Solo run,Pie izquierdo,UEFA Champions League,10,13,https://www.youtube.com/watch?v=0pIcFbEX7jw
122,14-03-2010,FC Barcelona,3-0,Valencia,3-0,,Pie derecho,La Liga,10,83,https://www.youtube.com/watch?v=E-Q5S6VsORE
121,14-03-2010,FC Barcelona,3-0,Valencia,2-0,,Pie izquierdo,La Liga,10,81,https://www.youtube.com/watch?v=SbpiZaGGorw
120,14-03-2010,FC Barcelona,3-0,Valencia,1-0,,Pie izquierdo,La Liga,10,56,https://www.youtube.com/watch?v=9XTT4I7O83E
119,06-03-2010,UD Almería,2-2,FC Barcelona,2-2,,Pie izquierdo,La Liga,10,66,https://www.youtube.com/watch?v=QKkYgWRTh_8
118,06-03-2010,UD Almería,2-2,FC Barcelona,1-1,Tiro libre,Pie izquierdo,La Liga,10,42,https://www.youtube.com/watch?v=AcwxdNR0BzU
117,27-02-2010,FC Barcelona,2-1,Málaga,2-1,Gol de campo,Pie derecho,La Liga,10,84,https://www.youtube.com/watch?v=EWepXgHRXxs
116,06-02-2010,FC Barcelona,2-1,Getafe,1-0,,Pie izquierdo,La Liga,10,7,https://www.youtube.com/watch?v=cjGTmh5I0uA
115,23-01-2010,Real Valladolid,0-3,FC Barcelona,0-3,,Pie izquierdo,La Liga,10,56,https://www.youtube.com/watch?v=LCC-I8R1CVM
114,16-01-2010,FC Barcelona,4-0,Sevilla,4-0,,Pie izquierdo,La Liga,10,90+1,https://www.youtube.com/watch?v=INV2A9hmT3A
113,16-01-2010,FC Barcelona,4-0,Sevilla,3-0,,Pie izquierdo,La Liga,10,85,https://www.youtube.com/watch?v=Q_Gp3OCeAc4
112,10-01-2010,Tenerife,0-5,FC Barcelona,0-4,,Pie izquierdo,La Liga,10,75,https://www.youtube.com/watch?v=Up1xrjQ0yTA
111,10-01-2010,Tenerife,0-5,FC Barcelona,0-3,,Pie derecho,La Liga,10,45,https://www.youtube.com/watch?v=srD45E_B3-4
110,10-01-2010,Tenerife,0-5,FC Barcelona,0-1,,Pie izquierdo,La Liga,10,36,https://www.youtube.com/watch?v=qLD6hUnRa1A
109,19-12-2009,Estudiantes La Plata,1-2,FC Barcelona,1-2,,Pecho,WCTFIFA Club World Cup,10,110,https://www.youtube.com/watch?v=TlWUrsWYZGs
108,16-12-2009,Atlante,1-3,FC Barcelona,1-2,,Pie izquierdo,WCTFIFA Club World Cup,10,55,https://www.youtube.com/watch?v=8r4yzSxwQcs
107,09-12-2009,Dynamo Kyiv,1-2,FC Barcelona,1-2,Tiro libre,Pie izquierdo,UEFA Champions League,10,86,https://www.youtube.com/watch?v=vXTYZoUsPTk
106,05-12-2009,Deportivo La Coruña,1-3,FC Barcelona,1-2,,Cabeza,La Liga,10,80,https://www.youtube.com/watch?v=7j0O9WsNj6s
105,05-12-2009,Deportivo La Coruña,1-3,FC Barcelona,0-1,,Pie izquierdo,La Liga,10,27,https://www.youtube.com/watch?v=IncCK2QZmn8&pp=0gcJCZEKAYcqIYzv
104,14-11-2009,Spain,2-1,Argentina,1-1,Penal,Pie izquierdo,Amistoso Internacional,10,61,https://www.youtube.com/watch?v=Jzjl4iVZ7r8
103,10-11-2009,FC Barcelona,5-0,Cultural Leonesa,4-0,,Pie izquierdo,Copa del Rey,10,64,https://www.youtube.com/watch?v=JLaxixrNgm0
102,07-11-2009,FC Barcelona,4-2,Real Mallorca,4-1,Penal,Pie izquierdo,La Liga,10,87,https://www.youtube.com/watch?v=UT7dUYpWaFQ
101,25-10-2009,FC Barcelona,6-1,Real Zaragoza,5-1,Gol de campo,Pie izquierdo,La Liga,10,80,https://www.youtube.com/watch?v=4x6QgTDfOcs
100,29-09-2009,FC Barcelona,2-0,Dynamo Kyiv,1-0,,Pie izquierdo,UEFA Champions League,10,26,
99,22-09-2009,Racing Santander,1-4,FC Barcelona,0-4,,Pie izquierdo,La Liga,10,63,https://www.youtube.com/watch?v=KbonP_4Wpxc
98,22-09-2009,Racing Santander,1-4,FC Barcelona,0-2,,Pie izquierdo,La Liga,10,24,https://www.youtube.com/watch?v=XHNdV0fXBbM
97,19-09-2009,FC Barcelona,5-2,Atlético Madrid,5-2,,Pie derecho,La Liga,10,90+4,
96,19-09-2009,FC Barcelona,5-2,Atlético Madrid,2-0,,Pie izquierdo,La Liga,10,16,https://www.youtube.com/watch?v=PDdNTAdskuU
95,12-09-2009,Getafe,0-2,FC Barcelona,0-2,,Cabeza,La Liga,10,80,https://www.youtube.com/watch?v=oC2q4q_DxJM&pp=0gcJCZEKAYcqIYzv
94,23-08-2009,FC Barcelona,3-0,Athletic de Bilbao,2-0,Penal,Pie izquierdo,SUPSpanish Super Cup,10,68,https://www.youtube.com/watch?v=8x7k1VwHrYc
93,23-08-2009,FC Barcelona,3-0,Athletic de Bilbao,1-0,,Pie derecho,SUPSpanish Super Cup,10,50,https://www.youtube.com/watch?v=SAJH723KmrA
92,27-05-2009,FC Barcelona,2-0,Manchester United,2-0,,Cabeza,UEFA Champions League,10,70,
91,13-05-2009,Athletic de Bilbao,1-4,FC Barcelona,1-2,,Pie izquierdo,Copa del Rey,10,55,https://www.youtube.com/watch?v=HjZTDY-B0qs
90,02-05-2009,Real Madrid,2-6,FC Barcelona,2-5,,Pie izquierdo,La Liga,10,75,https://www.youtube.com/watch?v=lOdjbjBL5CA&pp=0gcJCZEKAYcqIYzv
89,02-05-2009,Real Madrid,2-6,FC Barcelona,1-3,,Pie izquierdo,La Liga,10,36,https://www.youtube.com/watch?v=FrpaimRMOE4
88,25-04-2009,Valencia,2-2,FC Barcelona,0-1,,Pie izquierdo,La Liga,10,24,https://www.youtube.com/watch?v=68817wPF4EY&pp=0gcJCZEKAYcqIYzv
87,18-04-2009,Getafe,0-1,FC Barcelona,0-1,,Pie izquierdo,La Liga,10,19,https://www.youtube.com/watch?v=0Y8vEedUtdc
86,08-04-2009,FC Barcelona,4-0,Bayern München,3-0,,Pie derecho,UEFA Champions League,10,38,
85,08-04-2009,FC Barcelona,4-0,Bayern München,1-0,,Pie izquierdo,UEFA Champions League,10,9,
84,28-03-2009,Argentina,4-0,Venezuela,1-0,,Pie izquierdo,WCQWorld Cup 2010 Qualification,10,26,https://www.youtube.com/watch?v=GAVDJKFjhBI
83,22-03-2009,FC Barcelona,6-0,Málaga,2-0,,Pie derecho,La Liga,10,25,https://www.youtube.com/watch?v=coFkF5qCvEQ
82,11-03-2009,FC Barcelona,5-2,Olympique Lyonnais,3-0,,Pie izquierdo,UEFA Champions League,10,40,https://www.youtube.com/watch?v=coFkF5qCvEQ
81,07-03-2009,FC Barcelona,2-0,Athletic de Bilbao,2-0,Penal,Pie izquierdo,La Liga,10,32,https://www.youtube.com/watch?v=WxRB3M663zE
80,04-03-2009,Real Mallorca,1-1,FC Barcelona,1-1,,Pie izquierdo,Copa del Rey,10,81,https://www.youtube.com/watch?v=yQbsL_NHE00
79,01-03-2009,Atlético Madrid,4-3,FC Barcelona,0-2,,Pie izquierdo,La Liga,10,30,https://www.youtube.com/watch?v=KsDK4y4kssg
78,11-02-2009,France,0-2,Argentina,0-2,Solo run,Pie izquierdo,Amistoso Internacional,18,83,https://www.youtube.com/watch?v=jE7JZdKSqnI
77,01-02-2009,Racing Santander,1-2,FC Barcelona,1-2,,Pie derecho,La Liga,10,81,https://www.youtube.com/watch?v=vtLai1yHLyc
76,01-02-2009,Racing Santander,1-2,FC Barcelona,1-1,Rebote,Pie derecho,La Liga,10,65,https://www.youtube.com/watch?v=DeEOzBhk6G4
75,24-01-2009,FC Barcelona,4-1,Numancia,4-1,Rebote,Pie derecho,La Liga,10,76,https://www.youtube.com/watch?v=ayaBlyMXGa8
74,24-01-2009,FC Barcelona,4-1,Numancia,1-0,,Pie izquierdo,La Liga,10,49,https://www.youtube.com/watch?v=YNSv-fGXHJo
73,17-01-2009,FC Barcelona,5-0,Deportivo La Coruña,1-0,,Pie izquierdo,La Liga,10,21,https://www.youtube.com/watch?v=fumT7IL1fIo
72,11-01-2009,Osasuna,2-3,FC Barcelona,2-3,,Pie izquierdo,La Liga,10,85,https://www.youtube.com/watch?v=BPyb15fldaM
71,06-01-2009,Atlético Madrid,1-3,FC Barcelona,1-3,,Pie derecho,Copa del Rey,10,80,https://www.youtube.com/watch?v=vpDiuD-p_5I
70,06-01-2009,Atlético Madrid,1-3,FC Barcelona,0-2,Penal,Pie izquierdo,Copa del Rey,10,57,https://www.youtube.com/watch?v=bt-4NA1-kmQ
69,06-01-2009,Atlético Madrid,1-3,FC Barcelona,0-1,,Pie izquierdo,Copa del Rey,10,13,https://www.youtube.com/watch?v=pCuddXlocKA
68,13-12-2008,FC Barcelona,2-0,Real Madrid,2-0,,Pie izquierdo,La Liga,10,90+1,https://www.youtube.com/watch?v=415OER0u_M0
67,29-11-2008,Sevilla,0-3,FC Barcelona,0-3,,Pie izquierdo,La Liga,10,90+2,https://www.youtube.com/watch?v=WtPIVNI312s
66,29-11-2008,Sevilla,0-3,FC Barcelona,0-2,,Pie izquierdo,La Liga,10,78,https://www.youtube.com/watch?v=iFzsoxcfeSs
65,26-11-2008,Sporting Lisbon,2-5,FC Barcelona,0-3,,Pie izquierdo,UEFA Champions League,10,49,
64,16-11-2008,Recreativo Huelva,0-2,FC Barcelona,0-1,,Pie izquierdo,La Liga,10,52,https://www.youtube.com/watch?v=xT-mD8ovJQs
63,12-11-2008,FC Barcelona,1-0,Benidorm,1-0,Rebote,Pie izquierdo,Copa del Rey,10,87,https://www.youtube.com/watch?v=pX9AxXXzrIg&pp=0gcJCZEKAYcqIYzv
62,04-11-2008,FC Barcelona,1-1,FC Basel,1-0,,Pie izquierdo,UEFA Champions League,10,62,
61,01-11-2008,Málaga,1-4,FC Barcelona,1-2,,Pie izquierdo,La Liga,10,19,https://www.youtube.com/watch?v=zGkdxxlcvEg
60,22-10-2008,FC Basel,0-5,FC Barcelona,0-1,,Pie izquierdo,UEFA Champions League,10,4,
59,11-10-2008,Argentina,2-1,Uruguay,1-0,,Cabeza,WCQWorld Cup 2010 Qualification,18,6,https://www.youtube.com/watch?v=FTsdL-v8vGY&pp=0gcJCZEKAYcqIYzv
58,04-10-2008,FC Barcelona,6-1,Atlético Madrid,3-0,Tiro libre,Pie izquierdo,La Liga,10,9,https://www.youtube.com/watch?v=3TMtOju2bGw
57,01-10-2008,Shakhtar Donetsk,1-2,FC Barcelona,1-2,,Pie izquierdo,UEFA Champions League,10,90+4,
56,01-10-2008,Shakhtar Donetsk,1-2,FC Barcelona,1-1,Rebote,Pie derecho,UEFA Champions League,10,87,
55,27-09-2008,Espanyol,1-2,FC Barcelona,1-2,Penal,Pie izquierdo,La Liga,10,90+7,https://www.youtube.com/watch?v=JmE9_UL12es
54,21-09-2008,Sporting Gijón,1-6,FC Barcelona,1-6,Gol de campo,Cabeza,La Liga,10,89,https://www.youtube.com/watch?v=xsDwvdv0Uek
53,21-09-2008,Sporting Gijón,1-6,FC Barcelona,1-5,Gol de campo,Pie izquierdo,La Liga,10,85,https://www.youtube.com/watch?v=GLqO-TuYkeU&pp=0gcJCZEKAYcqIYzv
52,13-09-2008,FC Barcelona,1-1,Racing Santander,1-0,Penal,Pie izquierdo,La Liga,10,71,https://www.youtube.com/watch?v=2J7FZUxygXo
51,05-06-2008,Mexico,1-4,Argentina,0-2,Gol de campo,Pie izquierdo,Amistoso Internacional,18,18,https://www.youtube.com/watch?v=yHaUgofZhB8
50,04-05-2008,FC Barcelona,6-0,Valencia,1-0,Penal,Pie izquierdo,La Liga,19,6,https://www.youtube.com/watch?v=mySx3lc1pdU&pp=0gcJCZEKAYcqIYzv
49,24-02-2008,FC Barcelona,5-1,Levante,2-1,,Pie izquierdo,La Liga,19,44,https://www.youtube.com/watch?v=fpLlrhlW4vk
48,20-02-2008,Celtic,2-3,FC Barcelona,2-3,,Pie izquierdo,UEFA Champions League,19,79,
47,20-02-2008,Celtic,2-3,FC Barcelona,1-1,,Pie izquierdo,UEFA Champions League,19,18,
46,27-11-2007,Olympique Lyonnais,2-2,FC Barcelona,1-2,Penal,Pie izquierdo,UEFA Champions League,19,58,https://www.youtube.com/watch?v=D1b7hbvPPog
45,24-11-2007,FC Barcelona,3-0,Recreativo Huelva,3-0,Penal,Pie izquierdo,La Liga,19,82,https://www.youtube.com/watch?v=D6Eihi_giLk
44,21-11-2007,Colombia,2-1,Argentina,0-1,Solo run,Pie izquierdo,WCQWorld Cup 2010 Qualification,18,36,https://www.youtube.com/watch?v=Pads0hvDloo
43,07-11-2007,FC Barcelona,2-0,Glasgow Rangers,2-0,Rebote,Pie izquierdo,UEFA Champions League,19,43,
42,28-10-2007,FC Barcelona,2-0,UD Almería,2-0,Penal,Pie izquierdo,La Liga,19,81,https://www.youtube.com/watch?v=XNxATUn5Z6M
41,17-10-2007,Venezuela,0-2,Argentina,0-2,Gol de campo,Pie izquierdo,WCQWorld Cup 2010 Qualification,18,43,https://www.youtube.com/watch?v=NFM8vjYRsYg
40,07-10-2007,FC Barcelona,3-0,Atlético Madrid,2-0,,Pie izquierdo,La Liga,19,19,https://www.youtube.com/watch?v=360UJ5PF-nI
39,02-10-2007,VfB Stuttgart,0-2,FC Barcelona,0-2,,Pie derecho,UEFA Champions League,19,67,
38,29-09-2007,Levante,1-4,FC Barcelona,0-4,,Pie izquierdo,La Liga,19,51,https://www.youtube.com/watch?v=lH3J_cDAUSs
37,26-09-2007,FC Barcelona,4-1,Real Zaragoza,2-1,,Pie izquierdo,La Liga,19,11,https://www.youtube.com/watch?v=PTgJyU7ke3U
36,26-09-2007,FC Barcelona,4-1,Real Zaragoza,1-0,,Pie izquierdo,La Liga,19,5,https://www.youtube.com/watch?v=3EqM2ieAr-w
35,22-09-2007,FC Barcelona,2-1,Sevilla,2-0,Penal,Pie izquierdo,La Liga,19,80,https://www.youtube.com/watch?v=1MM3dIL0F68
34,22-09-2007,FC Barcelona,2-1,Sevilla,1-0,,Pie izquierdo,La Liga,19,74,https://www.youtube.com/watch?v=7eMWXCJcb_M
33,19-09-2007,FC Barcelona,3-0,Olympique Lyonnais,2-0,,Pie izquierdo,UEFA Champions League,19,83,
32,12-07-2007,Mexico,0-3,Argentina,0-2,,Pie izquierdo,CPACopa América 2007,18,61,https://www.youtube.com/watch?v=hUxm16ANtsM
31,09-07-2007,Argentina,4-0,Peru,2-0,,Pie izquierdo,CPACopa América 2007,18,61,https://www.youtube.com/watch?v=i-GUryeUn2g
30,17-06-2007,Gimnàstic,1-5,FC Barcelona,0-4,,Pie izquierdo,La Liga,19,51,https://www.youtube.com/watch?v=_UFGnHB40Q4
29,17-06-2007,Gimnàstic,1-5,FC Barcelona,0-2,,Pie izquierdo,La Liga,19,35,https://www.youtube.com/watch?v=-6Wj31S3RvY
28,09-06-2007,FC Barcelona,2-2,Espanyol,2-1,,Pie derecho,La Liga,19,57,https://www.youtube.com/watch?v=TR468qvU4Uw
27,09-06-2007,FC Barcelona,2-2,Espanyol,1-1,,Hand,La Liga,19,43,https://www.youtube.com/watch?v=7jWfRhvqCrk
26,05-06-2007,Argentina,4-3,Algeria,4-2,,Pie izquierdo,Amistoso Internacional,18,73,https://www.youtube.com/watch?v=zQjj46KZZ5c
25,05-06-2007,Argentina,4-3,Algeria,2-2,Penal,Pie izquierdo,Amistoso Internacional,18,54,https://www.youtube.com/watch?v=NNl-tMw8PkM
24,20-05-2007,Atlético Madrid,0-6,FC Barcelona,0-5,,Pie izquierdo,La Liga,19,80,https://www.youtube.com/watch?v=LqqdUiFj42Y
23,20-05-2007,Atlético Madrid,0-6,FC Barcelona,0-1,,Pie izquierdo,La Liga,19,39,https://www.youtube.com/watch?v=awmZBUsyk3o
22,18-04-2007,FC Barcelona,5-2,Getafe,3-0,,Pie izquierdo,Copa del Rey,19,45,https://www.youtube.com/watch?v=t4tAhwvPZy8
21,18-04-2007,FC Barcelona,5-2,Getafe,2-0,Solo run,Pie derecho,Copa del Rey,19,29,https://www.youtube.com/watch?v=HH11DVlFpQI
20,31-03-2007,FC Barcelona,2-1,Deportivo La Coruña,1-0,,Pie izquierdo,La Liga,19,45,https://www.youtube.com/watch?v=nofWnZsJAXU
19,17-03-2007,Recreativo Huelva,0-4,FC Barcelona,0-4,,Pie izquierdo,La Liga,19,86,https://www.youtube.com/watch?v=6n_5Xt0cNJA
18,10-03-2007,FC Barcelona,3-3,Real Madrid,3-3,,Pie izquierdo,La Liga,19,90,
17,10-03-2007,FC Barcelona,3-3,Real Madrid,2-2,Rebote,Pie izquierdo,La Liga,19,28,
16,10-03-2007,FC Barcelona,3-3,Real Madrid,1-1,,Pie izquierdo,La Liga,19,11,
15,15-10-2006,FC Barcelona,3-1,Sevilla,3-1,,Pie derecho,La Liga,19,81,https://www.youtube.com/watch?v=bZLpZwqn9Zc
14,27-09-2006,Werder Bremen,1-1,FC Barcelona,1-1,,Pie izquierdo,UEFA Champions League,19,89,
13,09-09-2006,FC Barcelona,3-0,Osasuna,3-0,,Pie izquierdo,La Liga,19,37,https://www.youtube.com/watch?v=4ONclYJtgjY
12,28-08-2006,Celta de Vigo,2-3,FC Barcelona,1-2,,Pie izquierdo,La Liga,19,60,https://www.youtube.com/watch?v=90GDCM0mKI4
11,16-06-2006,Argentina,6-0,Serbia and Montenegro,6-0,,Pie derecho,WCPWorld Cup 2006,19,88,https://www.youtube.com/watch?v=hrubiVh_fNQ
10,01-03-2006,Croatia,3-2,Argentina,1-2,,Pie izquierdo,Amistoso Internacional,19,6,https://www.youtube.com/watch?v=qN-17hvuv-0
9,18-02-2006,FC Barcelona,5-1,Real Betis,5-1,Rebote,Pie izquierdo,La Liga,19,85,https://www.youtube.com/watch?v=hcmjXirgmmE
8,01-02-2006,FC Barcelona,2-1,Real Zaragoza,1-0,Gol de campo,Cabeza,Copa del Rey,30,42,https://www.youtube.com/watch?v=oLvMMCkUreg
7,29-01-2006,Real Mallorca,0-3,FC Barcelona,0-3,Gol de campo,Pie izquierdo,La Liga,30,81,https://www.youtube.com/watch?v=t7e4uwJ1bhk
6,29-01-2006,Real Mallorca,0-3,FC Barcelona,0-2,Gol de campo,Pie derecho,La Liga,30,75,https://www.youtube.com/watch?v=LGP4qf47xVY
5,22-01-2006,FC Barcelona,2-0,Alavés,2-0,Rebote,Pie izquierdo,La Liga,30,81,https://www.youtube.com/watch?v=UpxD6QZpE_E
4,15-01-2006,FC Barcelona,2-1,Athletic de Bilbao,2-1,Rebote,Pie izquierdo,La Liga,30,51,https://www.youtube.com/watch?v=0Sp4pMh-ry8
3,27-11-2005,FC Barcelona,4-1,Racing Santander,2-0,Gol de campo,Pie izquierdo,La Liga,30,52,https://www.youtube.com/watch?v=pd7AWt0cs9c
2,02-11-2005,FC Barcelona,5-0,Panathinaikos,3-0,Gol de campo,Pie izquierdo,UEFA Champions League,30,34,https://www.youtube.com/watch?v=qcwfk2UeYSY
1,01-05-2005,FC Barcelona,2-0,Albacete,2-0,,Pie izquierdo,La Liga,30,90,https://www.youtube.com/watch?v=D5htrWvlh3I